act,scene,anchor_a,anchor_b,gap,boundaries_between,excess,closes,interval_flagged,boundary_position,boundary_n,leads_into,boundary_flagged
1,1,10,20,10,11,1,no,no,1,,"Take but good note, and you shall see in him.",no
1,1,10,20,10,11,1,no,no,2,,The triple pillar of the world transform'd,no
1,1,10,20,10,11,1,no,no,3,,Into a strumpet's fool: behold and see.,no
1,1,10,20,10,11,1,no,no,4,,,no
1,1,10,20,10,11,1,no,no,5,,,no
1,1,10,20,10,11,1,no,no,6,,,no
1,1,10,20,10,11,1,no,no,7,,,no
1,1,10,20,10,11,1,no,no,8,,,no
1,1,10,20,10,11,1,no,no,9,,,no
1,1,10,20,10,11,1,no,no,10,,,no
1,1,10,20,10,11,1,no,no,11,20,"Fulvia perchance is angry; or, who knows",no
1,1,20,30,10,11,1,no,no,1,,If the scarce-bearded Cæsar have not sent,no
1,1,20,30,10,11,1,no,no,2,,"His powerful mandate to you, 'Do this, or this;",no
1,1,20,30,10,11,1,no,no,3,,"Take in that kingdom, and enfranchise that;",no
1,1,20,30,10,11,1,no,no,4,,"Perform 't, or else we damn thee.'",no
1,1,20,30,10,11,1,no,no,5,,,no
1,1,20,30,10,11,1,no,no,6,,,no
1,1,20,30,10,11,1,no,no,7,,"You must not stay here longer, your dismission",no
1,1,20,30,10,11,1,no,no,8,,"Is come from Cæsar; therefore hear it, Antony.",no
1,1,20,30,10,11,1,no,no,9,,Where's Fulvia's process ? Cæsar's I would say ? both ?,no
1,1,20,30,10,11,1,no,no,10,,"Call in the messengers. As I am Egypt's queen,",no
1,1,20,30,10,11,1,no,no,11,30,"Thou blushest, Antony; and that blood of thine",no
1,1,30,40,10,11,1,no,no,1,,Is Cæsar's homager: else so thy cheek pays shame,no
1,1,30,40,10,11,1,no,no,2,,When shrill-tongued Fulvia scolds. The messengers,no
1,1,30,40,10,11,1,no,no,3,,,no
1,1,30,40,10,11,1,no,no,4,,Of the ranged empire fall! Here is my space.,no
1,1,30,40,10,11,1,no,no,5,,Kingdoms are clay: our dungy earth alike,no
1,1,30,40,10,11,1,no,no,6,,Feeds beast as man: the nobleness of life,no
1,1,30,40,10,11,1,no,no,7,,Is to do thus; when such a mutual pair,no
1,1,30,40,10,11,1,no,no,8,,"And such a twain can do't, in which I bind,",no
1,1,30,40,10,11,1,no,no,9,,"On pain of punishment, the world to weet",no
1,1,30,40,10,11,1,no,no,10,,We stand up peerless.,no
1,1,30,40,10,11,1,no,no,11,40,,no
1,1,40,50,10,12,2,no,no,1,,"Why did he marry Fulvia, and not love her ?",no
1,1,40,50,10,12,2,no,no,2,,I'll seem the fool I am not; Antony,no
1,1,40,50,10,12,2,no,no,3,,Will be himself.,no
1,1,40,50,10,12,2,no,no,4,,,no
1,1,40,50,10,12,2,no,no,5,,"Now, for the love of Love and her soft hours,",no
1,1,40,50,10,12,2,no,no,6,,Let's not confound the time with conference harsh:,no
1,1,40,50,10,12,2,no,no,7,,There's not a minute of our lives should stretch,no
1,1,40,50,10,12,2,no,no,8,,Without some pleasure now. What sport tonight ?,no
1,1,40,50,10,12,2,no,no,9,,,no
1,1,40,50,10,12,2,no,no,10,,,no
1,1,40,50,10,12,2,no,no,11,,"Whom every thing becomes, to chide, to laugh,",no
1,1,40,50,10,12,2,no,no,12,50,To weep; whose every passion fully strives,no
1,1,50,60,10,11,1,no,no,1,,"To make itself, in thee, fair and admired!",no
1,1,50,60,10,11,1,no,no,2,,"No messenger, but thine; and all alone",no
1,1,50,60,10,11,1,no,no,3,,To-night we'll wander through the streets and note,no
1,1,50,60,10,11,1,no,no,4,,"The qualities of people. Come, my queen;",no
1,1,50,60,10,11,1,no,no,5,,Last night you did desire it: speak not to us.,no
1,1,50,60,10,11,1,no,no,6,,,no
1,1,50,60,10,11,1,no,no,7,,,no
1,1,50,60,10,11,1,no,no,8,,He comes too short of that great property,no
1,1,50,60,10,11,1,no,no,9,,Which still should go with Antony.,no
1,1,50,60,10,11,1,no,no,10,,,no
1,1,50,60,10,11,1,no,no,11,60,That he approves the common,no
1,2,10,21,11,11,0,yes,no,,,,
1,2,21,31,10,10,0,yes,no,,,,
1,2,31,41,10,10,0,yes,no,,,,
1,2,41,50,9,6,-3,no,no,1,,,no
1,2,41,50,9,6,-3,no,no,2,,,no
1,2,41,50,9,6,-3,no,no,3,,,no
1,2,41,50,9,6,-3,no,no,4,,shall,no
1,2,41,50,9,6,-3,no,no,5,,,no
1,2,41,50,9,6,-3,no,no,6,50,,no
1,2,50,60,10,9,-1,no,no,1,,,no
1,2,50,60,10,9,-1,no,no,2,,soothsay.,no
1,2,50,60,10,9,-1,no,no,3,,,no
1,2,50,60,10,9,-1,no,no,4,,"prognostication,",no
1,2,50,60,10,9,-1,no,no,5,,"Prithee, tell her",no
1,2,50,60,10,9,-1,no,no,6,,,no
1,2,50,60,10,9,-1,no,no,7,,,no
1,2,50,60,10,9,-1,no,no,8,,,no
1,2,50,60,10,9,-1,no,no,9,60,,no
1,2,60,79,19,20,1,no,no,1,,than she ?,no
1,2,60,79,19,20,1,no,no,2,,,no
1,2,60,79,19,20,1,no,no,3,,better,no
1,2,60,79,19,20,1,no,no,4,,,no
1,2,60,79,19,20,1,no,no,5,,,no
1,2,60,79,19,20,1,no,no,6,,"Alexas,—come, his fortune, his fortune! O,",no
1,2,60,79,19,20,1,no,no,7,,let him,no
1,2,60,79,19,20,1,no,no,8,,"Isis, I beseech thee!",no
1,2,60,79,19,20,1,no,no,9,,give him a worse! and let worst,no
1,2,60,79,19,20,1,no,no,10,,till the worst of all follow him laughing to,no
1,2,60,79,19,20,1,no,no,11,,"grave, fifty-fold a cuckold! Good Isis, hear",no
1,2,60,79,19,20,1,no,no,12,,me this,no
1,2,60,79,19,20,1,no,no,13,,of more weight;,no
1,2,60,79,19,20,1,no,no,14,,,no
1,2,60,79,19,20,1,no,no,15,,prayer of the,no
1,2,60,79,19,20,1,no,no,16,,to see a handsome,no
1,2,60,79,19,20,1,no,no,17,,so it is a deadly sorrow to behold a,no
1,2,60,79,19,20,1,no,no,18,,"uncuckolded: therefore, dear Isis, keep decorum,",no
1,2,60,79,19,20,1,no,no,19,,and fortune him accordingly !,no
1,2,60,79,19,20,1,no,no,20,79,,no
1,2,79,90,11,14,3,no,no,1,,,no
1,2,79,90,11,14,3,no,no,2,,make me a,no
1,2,79,90,11,14,3,no,no,3,,"whores, but",no
1,2,79,90,11,14,3,no,no,4,,,no
1,2,79,90,11,14,3,no,no,5,,,no
1,2,79,90,11,14,3,no,no,6,,,no
1,2,79,90,11,14,3,no,no,7,,,no
1,2,79,90,11,14,3,no,no,8,,,no
1,2,79,90,11,14,3,no,no,9,,,no
1,2,79,90,11,14,3,no,no,10,,,no
1,2,79,90,11,14,3,no,no,11,,A Roman thought hath struck him.,no
1,2,79,90,11,14,3,no,no,12,,,no
1,2,79,90,11,14,3,no,no,13,,,no
1,2,79,90,11,14,3,no,no,14,90,,no
1,2,90,100,10,11,1,no,no,1,,,no
1,2,90,100,10,11,1,no,no,2,,,no
1,2,90,100,10,11,1,no,no,3,,,no
1,2,90,100,10,11,1,no,no,4,,,no
1,2,90,100,10,11,1,no,no,5,,"But soon that war had end,",no
1,2,90,100,10,11,1,no,no,6,,"Made friends of them, joining their force 'gainst Cæsar;",no
1,2,90,100,10,11,1,no,no,7,,"Whose better issue in the war, from Italy,",no
1,2,90,100,10,11,1,no,no,8,,"Upon the first encounter, drave them.",no
1,2,90,100,10,11,1,no,no,9,,,no
1,2,90,100,10,11,1,no,no,10,,,no
1,2,90,100,10,11,1,no,no,11,100,,no
1,2,100,110,10,13,3,no,no,1,,Things that are past are done with me. 'Tis thus:,no
1,2,100,110,10,13,3,no,no,2,,"Who tells me true, though in his tale lie death,",no
1,2,100,110,10,13,3,no,no,3,,I hear him as he flatter'd.,no
1,2,100,110,10,13,3,no,no,4,,,no
1,2,100,110,10,13,3,no,no,5,,This is stiff news-,no
1,2,100,110,10,13,3,no,no,6,,Extended Asia from Euphrates;,no
1,2,100,110,10,13,3,no,no,7,,His conquering,no
1,2,100,110,10,13,3,no,no,8,,To Lydia,no
1,2,100,110,10,13,3,no,no,9,,Whilst—,no
1,2,100,110,10,13,3,no,no,10,,,no
1,2,100,110,10,13,3,no,no,11,,,no
1,2,100,110,10,13,3,no,no,12,,,no
1,2,100,110,10,13,3,no,no,13,110,Name,no
1,2,110,121,11,12,1,no,no,1,,Rail thou in Fulvia's phrase; and taunt my faults,no
1,2,110,121,11,12,1,no,no,2,,With such full license as both truth and malice,no
1,2,110,121,11,12,1,no,no,3,,"Have power to utter. O, then we bring forth weeds,",no
1,2,110,121,11,12,1,no,no,4,,When our quick minds lie still; and our ills told us,no
1,2,110,121,11,12,1,no,no,5,,Is as our earing. Fare thee well awhile.,no
1,2,110,121,11,12,1,no,no,6,,,no
1,2,110,121,11,12,1,no,no,7,,,no
1,2,110,121,11,12,1,no,no,8,,,no
1,2,110,121,11,12,1,no,no,9,,,no
1,2,110,121,11,12,1,no,no,10,,,no
1,2,110,121,11,12,1,no,no,11,,"These strong Egyptian fetters I must break,",no
1,2,110,121,11,12,1,no,no,12,121,Or lose myself in dotage.,no
1,2,121,131,10,13,3,no,no,1,,What are you ?,no
1,2,121,131,10,13,3,no,no,2,,,no
1,2,121,131,10,13,3,no,no,3,,,no
1,2,121,131,10,13,3,no,no,4,,,no
1,2,121,131,10,13,3,no,no,5,,"Her length of sickness,",no
1,2,121,131,10,13,3,no,no,6,,"Importeth thee to know, this bears.",no
1,2,121,131,10,13,3,no,no,7,,,no
1,2,121,131,10,13,3,no,no,8,,There's a great spirit gone! Thus did I desire it:,no
1,2,121,131,10,13,3,no,no,9,,"What our contempt doth often hurl from us,",no
1,2,121,131,10,13,3,no,no,10,,"We wish it ours again; the present pleasure,",no
1,2,121,131,10,13,3,no,no,11,,"By revolution lowering, does become",no
1,2,121,131,10,13,3,no,no,12,,"The opposite of itself: she's good, being gone;",no
1,2,121,131,10,13,3,no,no,13,131,The hand could pluck her back that shoved her on.,no
1,2,131,140,9,9,0,yes,no,,,,
1,2,140,150,10,10,0,yes,no,,,,
1,2,150,179,29,29,0,yes,no,,,,
1,2,179,190,11,11,0,yes,no,,,,
1,2,190,200,10,10,0,yes,no,,,,
1,3,10,21,11,14,3,no,no,1,,,no
1,3,10,21,11,14,3,no,no,2,,In time we hate that which we often fear.,no
1,3,10,21,11,14,3,no,no,3,,But here comes Antony.,no
1,3,10,21,11,14,3,no,no,4,,,no
1,3,10,21,11,14,3,no,no,5,,,no
1,3,10,21,11,14,3,no,no,6,,,no
1,3,10,21,11,14,3,no,no,7,,"It cannot be thus long, the sides of nature",no
1,3,10,21,11,14,3,no,no,8,,Will not sustain it.,no
1,3,10,21,11,14,3,no,no,9,,,no
1,3,10,21,11,14,3,no,no,10,,,no
1,3,10,21,11,14,3,no,no,11,,,no
1,3,10,21,11,14,3,no,no,12,,,no
1,3,10,21,11,14,3,no,no,13,,What says the married woman ? You may go:,no
1,3,10,21,11,14,3,no,no,14,21,Would she had never given you leave to come!,no
1,3,21,31,10,12,2,no,no,1,,Let her not say 'tis I that keep you here:,no
1,3,21,31,10,12,2,no,no,2,,I have no power upon you; hers you are.,no
1,3,21,31,10,12,2,no,no,3,,,no
1,3,21,31,10,12,2,no,no,4,,,no
1,3,21,31,10,12,2,no,no,5,,So mightily betray'd! yet at the first,no
1,3,21,31,10,12,2,no,no,6,,I saw the treasons planted.,no
1,3,21,31,10,12,2,no,no,7,,,no
1,3,21,31,10,12,2,no,no,8,,,no
1,3,21,31,10,12,2,no,no,9,,"Though you in swearing shake the throned gods,",no
1,3,21,31,10,12,2,no,no,10,,Who have been false to Fulvia ?,no
1,3,21,31,10,12,2,no,no,11,,"To be entangled with those mouth-made vows,",no
1,3,21,31,10,12,2,no,no,12,31,Which break themselves in swearing!,no
1,3,31,40,9,11,2,no,no,1,,,no
1,3,31,40,9,11,2,no,no,2,,,no
1,3,31,40,9,11,2,no,no,3,,"But bid farewell, and go:",no
1,3,31,40,9,11,2,no,no,4,,Then was the time for words: no going then;,no
1,3,31,40,9,11,2,no,no,5,,"Eternity was in our lips and eyes,",no
1,3,31,40,9,11,2,no,no,6,,"Bliss in our brows' bent; none our parts so poor,",no
1,3,31,40,9,11,2,no,no,7,,"But was a race of heaven: they are so still,",no
1,3,31,40,9,11,2,no,no,8,,"Or thou, the greatest soldier of the world,",no
1,3,31,40,9,11,2,no,no,9,,Art turn'd the greatest liar.,no
1,3,31,40,9,11,2,no,no,10,,,no
1,3,31,40,9,11,2,no,no,11,40,,no
1,3,40,50,10,11,1,no,no,1,,There were a heart in Egypt.,no
1,3,40,50,10,11,1,no,no,2,,,no
1,3,40,50,10,11,1,no,no,3,,The strong necessity of time commands,no
1,3,40,50,10,11,1,no,no,4,,Our services awhile; but my full heart,no
1,3,40,50,10,11,1,no,no,5,,Remains in use with you. Our Italy,no
1,3,40,50,10,11,1,no,no,6,,Shines o'er with civil swords: Sextus Pompeius,no
1,3,40,50,10,11,1,no,no,7,,Makes his approaches to the port of Rome:,no
1,3,40,50,10,11,1,no,no,8,,Equality of two domestic powers,no
1,3,40,50,10,11,1,no,no,9,,"Breed scrupulous faction: the hated, grown to strength,",no
1,3,40,50,10,11,1,no,no,10,,"Are newly grown to love: the condemn'd Pompey,",no
1,3,40,50,10,11,1,no,no,11,50,"Rich in his father's honor, creeps apace,",no
1,3,50,59,9,9,0,yes,no,,,,
1,3,59,70,11,12,1,no,no,1,,"Look here, and at thy sovereign leisure read",no
1,3,59,70,11,12,1,no,no,2,,"The garboils she awaked; at the last, best:",no
1,3,59,70,11,12,1,no,no,3,,See when and where she died.,no
1,3,59,70,11,12,1,no,no,4,,,no
1,3,59,70,11,12,1,no,no,5,,Where be the sacred vials thou shouldst fill,no
1,3,59,70,11,12,1,no,no,6,,"With sorrowful water ? Now I see, I see,",no
1,3,59,70,11,12,1,no,no,7,,"In Fulvia's death, how mine received shall be.",no
1,3,59,70,11,12,1,no,no,8,,,no
1,3,59,70,11,12,1,no,no,9,,"The purposes I bear; which are, or cease,",no
1,3,59,70,11,12,1,no,no,10,,As you shall give the advice. By the fire,no
1,3,59,70,11,12,1,no,no,11,,"That quickens Nilus' slime, I go from hence",no
1,3,59,70,11,12,1,no,no,12,70,"Thy soldier, servant; making peace or war",no
1,3,70,80,10,14,4,no,no,1,,As thou affect'st.,no
1,3,70,80,10,14,4,no,no,2,,,no
1,3,70,80,10,14,4,no,no,3,,"But let it be: I am quickly ill, and well,",no
1,3,70,80,10,14,4,no,no,4,,So Antony loves.,no
1,3,70,80,10,14,4,no,no,5,,,no
1,3,70,80,10,14,4,no,no,6,,"And give true evidence to his love, which stands",no
1,3,70,80,10,14,4,no,no,7,,An honorable trial.,no
1,3,70,80,10,14,4,no,no,8,,,no
1,3,70,80,10,14,4,no,no,9,,"I prithee, turn aside and weep for her,",no
1,3,70,80,10,14,4,no,no,10,,"Then bid adieu to me, and say the tears",no
1,3,70,80,10,14,4,no,no,11,,"Belong to Egypt: good now, play one scene",no
1,3,70,80,10,14,4,no,no,12,,Of excellent dissembling; and let it look,no
1,3,70,80,10,14,4,no,no,13,,Life perfect honor.,no
1,3,70,80,10,14,4,no,no,14,80,,no
1,3,80,90,10,12,2,no,no,1,,,no
1,3,80,90,10,12,2,no,no,2,,,no
1,3,80,90,10,12,2,no,no,3,,,no
1,3,80,90,10,12,2,no,no,4,,"But this is not the best. Look, prithee, Charmian,",no
1,3,80,90,10,12,2,no,no,5,,How this Herculean Roman does become,no
1,3,80,90,10,12,2,no,no,6,,The carriage of his chafe.,no
1,3,80,90,10,12,2,no,no,7,,,no
1,3,80,90,10,12,2,no,no,8,,,no
1,3,80,90,10,12,2,no,no,9,,"Sir, you and I must part, but that's not it:",no
1,3,80,90,10,12,2,no,no,10,,"Sir, you and I have loved, but there's not it;",no
1,3,80,90,10,12,2,no,no,11,,"That you know well: something it is I would,",no
1,3,80,90,10,12,2,no,no,12,90,"O, my oblivion is a very Antony,",no
1,3,90,100,10,12,2,no,no,1,,And I am all forgotten.,no
1,3,90,100,10,12,2,no,no,2,,,no
1,3,90,100,10,12,2,no,no,3,,"Holds idleness your subject, I should take you",no
1,3,90,100,10,12,2,no,no,4,,For idleness itself.,no
1,3,90,100,10,12,2,no,no,5,,,no
1,3,90,100,10,12,2,no,no,6,,To bear such idleness so near the heart,no
1,3,90,100,10,12,2,no,no,7,,"As Cleopatra this. But, sir, forgive me;",no
1,3,90,100,10,12,2,no,no,8,,"Since my becomings kill me, when they do not",no
1,3,90,100,10,12,2,no,no,9,,Eye well to you: your honor calls you hence;,no
1,3,90,100,10,12,2,no,no,10,,Therefore be deaf to my unpitied folly.,no
1,3,90,100,10,12,2,no,no,11,,And all the gods go with you! upon your sword,no
1,3,90,100,10,12,2,no,no,12,100,Sit laurel victory ! and smooth success,no
1,4,10,20,10,10,0,yes,no,,,,
1,4,20,30,10,10,0,yes,no,,,,
1,4,30,40,10,12,2,no,no,1,,"As we rate boys, who, being mature in knowledge,",no
1,4,30,40,10,12,2,no,no,2,,"Pawn their experience to their present pleasure,",no
1,4,30,40,10,12,2,no,no,3,,And so rebel to judgment.,no
1,4,30,40,10,12,2,no,no,4,,,no
1,4,30,40,10,12,2,no,no,5,,,no
1,4,30,40,10,12,2,no,no,6,,"Most noble Cæsar, shalt thou have report",no
1,4,30,40,10,12,2,no,no,7,,How 'tis abroad. Pompey is strong at sea;,no
1,4,30,40,10,12,2,no,no,8,,And it appears he is beloved of those,no
1,4,30,40,10,12,2,no,no,9,,That only have fear'd Cæsar: to the ports,no
1,4,30,40,10,12,2,no,no,10,,"The discontents repair, and men's reports",no
1,4,30,40,10,12,2,no,no,11,,Give him much wrong'd.,no
1,4,30,40,10,12,2,no,no,12,40,,no
1,4,40,49,9,10,1,no,no,1,,"It hath been taught us from the primal state,",no
1,4,40,49,9,10,1,no,no,2,,That he which is was wish'd until he were;,no
1,4,40,49,9,10,1,no,no,3,,"And the ebb'd man,",no
1,4,40,49,9,10,1,no,no,4,,"Comes dear'd by being lack'd. This common body,",no
1,4,40,49,9,10,1,no,no,5,,"Like to a vagabond flag upon the stream,",no
1,4,40,49,9,10,1,no,no,6,,"Goes to and back, lackeying the varying tide,",no
1,4,40,49,9,10,1,no,no,7,,To rot itself with motion.,no
1,4,40,49,9,10,1,no,no,8,,,no
1,4,40,49,9,10,1,no,no,9,,"Menecrates and Menas, famous pirates,",no
1,4,40,49,9,10,1,no,no,10,49,"Make the sea serve them, which they ear and wound",no
1,4,49,60,11,12,1,no,no,1,,With keels of every kind: many hot inroads,no
1,4,49,60,11,12,1,no,no,2,,They make in Italy; the borders maritime,no
1,4,49,60,11,12,1,no,no,3,,"Lack blood to think on 't, and flush youth revolt:",no
1,4,49,60,11,12,1,no,no,4,,"No vessel can peep forth, but 'tis as soon",no
1,4,49,60,11,12,1,no,no,5,,Taken as seen; for Pompey's name strikes more,no
1,4,49,60,11,12,1,no,no,6,,Than could his war resisted.,no
1,4,49,60,11,12,1,no,no,7,,,no
1,4,49,60,11,12,1,no,no,8,,Leave thy lascivious wassails. When thou once,no
1,4,49,60,11,12,1,no,no,9,,"Wast beaten from Modena, where thou slew'st",no
1,4,49,60,11,12,1,no,no,10,,"Hirtius and Pansa, consuls, at thy heel",no
1,4,49,60,11,12,1,no,no,11,,"Did famine follow; whom thou fought'st against,",no
1,4,49,60,11,12,1,no,no,12,60,"Though daintily brought up, with patience more",no
1,4,60,70,10,10,0,yes,no,,,,
1,4,70,80,10,12,2,no,no,1,,So much as lank'd not.,no
1,4,70,80,10,12,2,no,no,2,,,no
1,4,70,80,10,12,2,no,no,3,,,no
1,4,70,80,10,12,2,no,no,4,,Drive him to Rome: 'tis time we twain,no
1,4,70,80,10,12,2,no,no,5,,Did show ourselves i' the field; and to that end,no
1,4,70,80,10,12,2,no,no,6,,Assemble we immediate council: Pompey,no
1,4,70,80,10,12,2,no,no,7,,Thrives in our idleness.,no
1,4,70,80,10,12,2,no,no,8,,,no
1,4,70,80,10,12,2,no,no,9,,I shall be furnish'd to inform you rightly,no
1,4,70,80,10,12,2,no,no,10,,Both what by sea and land I can be able,no
1,4,70,80,10,12,2,no,no,11,,To front this present time.,no
1,4,70,80,10,12,2,no,no,12,80,,no
1,5,10,20,10,11,1,no,no,1,,"That, being unseminar'd, thy freer thoughts",no
1,5,10,20,10,11,1,no,no,2,,May not fly forth of Egypt. Hast thou affections ?,no
1,5,10,20,10,11,1,no,no,3,,,no
1,5,10,20,10,11,1,no,no,4,,,no
1,5,10,20,10,11,1,no,no,5,,,no
1,5,10,20,10,11,1,no,no,6,,But what indeed is honest to be done:,no
1,5,10,20,10,11,1,no,no,7,,"Yet have I fierce affections, and think",no
1,5,10,20,10,11,1,no,no,8,,What Venus did with Mars.,no
1,5,10,20,10,11,1,no,no,9,,,no
1,5,10,20,10,11,1,no,no,10,,"Where think'st thou he is now ? Stands he, or sits he ?",no
1,5,10,20,10,11,1,no,no,11,20,Or does he walk ? or is he on his horse ?,no
1,5,20,30,10,10,0,yes,no,,,,
1,5,30,41,11,12,1,no,no,1,,A morsel for a monarch: and great Pompey,no
1,5,30,41,11,12,1,no,no,2,,Would stand and make his eyes grow in my brow;,no
1,5,30,41,11,12,1,no,no,3,,There would he anchor his aspect and die,no
1,5,30,41,11,12,1,no,no,4,,With looking on his life.,no
1,5,30,41,11,12,1,no,no,5,,,no
1,5,30,41,11,12,1,no,no,6,,,no
1,5,30,41,11,12,1,no,no,7,,"Yet, coming from him, that great medicine hath",no
1,5,30,41,11,12,1,no,no,8,,With his tinct gilded thee.,no
1,5,30,41,11,12,1,no,no,9,,How goes it with my brave Mark Antony ?,no
1,5,30,41,11,12,1,no,no,10,,,no
1,5,30,41,11,12,1,no,no,11,,"He kiss'd,—the last of many doubled kisses,—",no
1,5,30,41,11,12,1,no,no,12,41,This orient pearl. His speech sticks in my heart.,no
1,5,41,50,9,11,2,no,no,1,,,no
1,5,41,50,9,11,2,no,no,2,,,no
1,5,41,50,9,11,2,no,no,3,,"'Say, the firm Roman to great Egypt sends",no
1,5,41,50,9,11,2,no,no,4,,"This treasure of an oyster; at whose foot,",no
1,5,41,50,9,11,2,no,no,5,,"To mend the petty present, I will piece",no
1,5,41,50,9,11,2,no,no,6,,"Her opulent throne with kingdoms; all the east,",no
1,5,41,50,9,11,2,no,no,7,,"Say thou, shall call her mistress.' So he nodded,",no
1,5,41,50,9,11,2,no,no,8,,"And soberly did mount an arm-gaunt steed,",no
1,5,41,50,9,11,2,no,no,9,,"Who neigh'd so high, that what I would have spoke",no
1,5,41,50,9,11,2,no,no,10,,Was beastly dumb'd by him.,no
1,5,41,50,9,11,2,no,no,11,50,,no
1,5,50,60,10,10,0,yes,no,,,,
1,5,60,71,11,14,3,no,no,1,,So does it no man else. Met'st thou my posts ?,no
1,5,60,71,11,14,3,no,no,2,,,no
1,5,60,71,11,14,3,no,no,3,,Why do you send so thick ?,no
1,5,60,71,11,14,3,no,no,4,,,no
1,5,60,71,11,14,3,no,no,5,,When I forget to send,no
1,5,60,71,11,14,3,no,no,6,,"Shall die a beggar. Ink and paper, Charmian.",no
1,5,60,71,11,14,3,no,no,7,,"Welcome, my good Alexas. Did I, Charmian,",no
1,5,60,71,11,14,3,no,no,8,,Ever,no
1,5,60,71,11,14,3,no,no,9,,,no
1,5,60,71,11,14,3,no,no,10,,,no
1,5,60,71,11,14,3,no,no,11,,"Say, the brave Antony.",no
1,5,60,71,11,14,3,no,no,12,,,no
1,5,60,71,11,14,3,no,no,13,,,no
1,5,60,71,11,14,3,no,no,14,71,If thou with Cæsar paragon again,no
2,1,10,20,10,12,2,no,no,1,,Says it will come to the full. Mark Antony,no
2,1,10,20,10,12,2,no,no,2,,"In Egypt sits at dinner, and will make",no
2,1,10,20,10,12,2,no,no,3,,No wars without doors: Cæsar gets money where,no
2,1,10,20,10,12,2,no,no,4,,"He loses hearts: Lepidus flatters both,",no
2,1,10,20,10,12,2,no,no,5,,"Of both is flatter'd; but he neither loves,",no
2,1,10,20,10,12,2,no,no,6,,Nor either cares for him.,no
2,1,10,20,10,12,2,no,no,7,,,no
2,1,10,20,10,12,2,no,no,8,,Are in the field: a mighty strength they carry.,no
2,1,10,20,10,12,2,no,no,9,,,no
2,1,10,20,10,12,2,no,no,10,,,no
2,1,10,20,10,12,2,no,no,11,,,no
2,1,10,20,10,12,2,no,no,12,20,"Looking for Antony. But all the charms of love,",no
2,1,20,30,10,11,1,no,no,1,,"Salt Cleopatra, soften thy waned lip!",no
2,1,20,30,10,11,1,no,no,2,,"Let witchcraft join with beauty, lust with both !",no
2,1,20,30,10,11,1,no,no,3,,"Tie up the libertine in a field of feasts,",no
2,1,20,30,10,11,1,no,no,4,,Keep his brain fuming; Epicurean cooks,no
2,1,20,30,10,11,1,no,no,5,,Sharpen with cloyless sauce his appetite;,no
2,1,20,30,10,11,1,no,no,6,,That sleep and feeding may prorogue his honor,no
2,1,20,30,10,11,1,no,no,7,,Even till a Lethe'd dulness!,no
2,1,20,30,10,11,1,no,no,8,,"How now, Varrius!",no
2,1,20,30,10,11,1,no,no,9,,,no
2,1,20,30,10,11,1,no,no,10,,Mark Antony is every hour in Rome,no
2,1,20,30,10,11,1,no,no,11,30,Expected: since he went from Egypt 'tis,no
2,1,30,40,10,13,3,no,no,1,,A space for further travel.,no
2,1,30,40,10,13,3,no,no,2,,,no
2,1,30,40,10,13,3,no,no,3,,"A better ear. Menas, I did not think",no
2,1,30,40,10,13,3,no,no,4,,This amorous surfeiter would have donn'd his helm,no
2,1,30,40,10,13,3,no,no,5,,For such a petty war: his soldiership,no
2,1,30,40,10,13,3,no,no,6,,Is twice the other twain: but let us rear,no
2,1,30,40,10,13,3,no,no,7,,"The higher our opinion, that our stirring",no
2,1,30,40,10,13,3,no,no,8,,Can from the lap of Egypt's widow pluck,no
2,1,30,40,10,13,3,no,no,9,,The ne'er-lust-wearied Antony.,no
2,1,30,40,10,13,3,no,no,10,,,no
2,1,30,40,10,13,3,no,no,11,,Cæsar and Antony shall well greet together:,no
2,1,30,40,10,13,3,no,no,12,,His wife that's dead did trespasses to Cæsar;,no
2,1,30,40,10,13,3,no,no,13,40,"His brother warr'd upon him; although, I think,",no
2,1,40,50,10,10,0,yes,no,,,,
2,2,10,20,10,14,4,no,no,1,,,no
2,2,10,20,10,14,4,no,no,2,,,no
2,2,10,20,10,14,4,no,no,3,,,no
2,2,10,20,10,14,4,no,no,4,,"But, pray you, stir",no
2,2,10,20,10,14,4,no,no,5,,The noble Antony.,no
2,2,10,20,10,14,4,no,no,6,,,no
2,2,10,20,10,14,4,no,no,7,,,no
2,2,10,20,10,14,4,no,no,8,,"Hark, Ventidius.",no
2,2,10,20,10,14,4,no,no,9,,,no
2,2,10,20,10,14,4,no,no,10,,Mecænas; ask Agrippa.,no
2,2,10,20,10,14,4,no,no,11,,,no
2,2,10,20,10,14,4,no,no,12,,"That which combined us was most great, and let not",no
2,2,10,20,10,14,4,no,no,13,,"A leaner action rend us. What's amiss,",no
2,2,10,20,10,14,4,no,no,14,20,May it be gently heard: when we debate,no
2,2,20,30,10,16,6,no,no,1,,"Our trivial difference loud, we do commit",no
2,2,20,30,10,16,6,no,no,2,,"Murder in healing wounds: then, noble partners,",no
2,2,20,30,10,16,6,no,no,3,,"The rather, for I earnestly beseech,",no
2,2,20,30,10,16,6,no,no,4,,"Touch you the sourest points with sweetest terms,",no
2,2,20,30,10,16,6,no,no,5,,Nor curstness grow to the matter.,no
2,2,20,30,10,16,6,no,no,6,,,no
2,2,20,30,10,16,6,no,no,7,,"Were we before our armies, and to fight.",no
2,2,20,30,10,16,6,no,no,8,,I should do thus.,no
2,2,20,30,10,16,6,no,no,9,,,no
2,2,20,30,10,16,6,no,no,10,,,no
2,2,20,30,10,16,6,no,no,11,,,no
2,2,20,30,10,16,6,no,no,12,,,no
2,2,20,30,10,16,6,no,no,13,,,no
2,2,20,30,10,16,6,no,no,14,,,no
2,2,20,30,10,16,6,no,no,15,,"Or being, concern you not.",no
2,2,20,30,10,16,6,no,no,16,30,,no
2,2,30,40,10,12,2,no,no,1,,"If, or for nothing or a little, I",no
2,2,30,40,10,12,2,no,no,2,,"Should say myself offended, and with you",no
2,2,30,40,10,12,2,no,no,3,,"Chiefly i' the world; more laugh'd at, that I should",no
2,2,30,40,10,12,2,no,no,4,,"Once name you derogately, when to sound your name",no
2,2,30,40,10,12,2,no,no,5,,It not concern'd me.,no
2,2,30,40,10,12,2,no,no,6,,,no
2,2,30,40,10,12,2,no,no,7,,What was't to you ?,no
2,2,30,40,10,12,2,no,no,8,,,no
2,2,30,40,10,12,2,no,no,9,,"Might be to you in Egypt: yet, if you there",no
2,2,30,40,10,12,2,no,no,10,,"Did practise on my state, your being in Egypt",no
2,2,30,40,10,12,2,no,no,11,,Might be my question.,no
2,2,30,40,10,12,2,no,no,12,40,,no
2,2,40,49,9,9,0,yes,no,,,,
2,2,49,60,11,13,2,no,no,1,,"And make the wars alike against my stomach,",no
2,2,49,60,11,13,2,no,no,2,,Having alike your cause ? Of this my letters,no
2,2,49,60,11,13,2,no,no,3,,"Before did satisfy you. If you'll patch a quarrel,",no
2,2,49,60,11,13,2,no,no,4,,"As matter whole you have not to make it with,",no
2,2,49,60,11,13,2,no,no,5,,It must not be with this.,no
2,2,49,60,11,13,2,no,no,6,,,no
2,2,49,60,11,13,2,no,no,7,,By laying defects of judgment,no
2,2,49,60,11,13,2,no,no,8,,You patch'd up your excuses.,no
2,2,49,60,11,13,2,no,no,9,,,no
2,2,49,60,11,13,2,no,no,10,,"I know you could not lack, I am certain on't,",no
2,2,49,60,11,13,2,no,no,11,,"Very necessity of this thought, that I,",no
2,2,49,60,11,13,2,no,no,12,,"Your partner in the cause 'gainst which he fought,",no
2,2,49,60,11,13,2,no,no,13,60,Could not with graceful eyes attend those wars,no
2,2,60,71,11,11,0,yes,no,,,,
2,2,71,80,9,11,2,no,no,1,,,no
2,2,71,80,9,11,2,no,no,2,,When rioting in Alexandria; you,no
2,2,71,80,9,11,2,no,no,3,,"Did pocket up my letters, and with taunts",no
2,2,71,80,9,11,2,no,no,4,,Did gibe my missive out of audience.,no
2,2,71,80,9,11,2,no,no,5,,,no
2,2,71,80,9,11,2,no,no,6,,He fell upon me ere admitted: then,no
2,2,71,80,9,11,2,no,no,7,,"Three kings I had newly feasted, and did want",no
2,2,71,80,9,11,2,no,no,8,,Of what I was i' the morning: but next day,no
2,2,71,80,9,11,2,no,no,9,,I told him of myself; which was as much,no
2,2,71,80,9,11,2,no,no,10,,As to have ask'd him pardon. Let this fellow,no
2,2,71,80,9,11,2,no,no,11,80,"Be nothing of our strife; if we contend,",no
2,2,80,90,10,14,4,no,no,1,,Out of our question wipe him.,no
2,2,80,90,10,14,4,no,no,2,,,no
2,2,80,90,10,14,4,no,no,3,,The article of your oath;,no
2,2,80,90,10,14,4,no,no,4,,Have tongue to charge me with.,no
2,2,80,90,10,14,4,no,no,5,,,no
2,2,80,90,10,14,4,no,no,6,,,no
2,2,80,90,10,14,4,no,no,7,,"Lepidus, let him speak:",no
2,2,80,90,10,14,4,no,no,8,,"The honor is sacred which he talks on now,",no
2,2,80,90,10,14,4,no,no,9,,"Supposing that I lack'd it. But, on, Cæsar;",no
2,2,80,90,10,14,4,no,no,10,,The article of my oath.,no
2,2,80,90,10,14,4,no,no,11,,,no
2,2,80,90,10,14,4,no,no,12,,The which you both denied.,no
2,2,80,90,10,14,4,no,no,13,,,no
2,2,80,90,10,14,4,no,no,14,90,And then when poison'd hours had bound me up,no
2,2,90,101,11,12,1,no,no,1,,">From mine own knowledge. As nearly as I may,",no
2,2,90,101,11,12,1,no,no,2,,I'll play the penitent to you: but mine honesty,no
2,2,90,101,11,12,1,no,no,3,,"Shall not make poor my greatness, nor my power",no
2,2,90,101,11,12,1,no,no,4,,"Work without it. Truth is, that Fulvia,",no
2,2,90,101,11,12,1,no,no,5,,"To have me out of Egypt, made wars here;",no
2,2,90,101,11,12,1,no,no,6,,"For which myself, the ignorant motive, do",no
2,2,90,101,11,12,1,no,no,7,,So far ask pardon as befits mine honor,no
2,2,90,101,11,12,1,no,no,8,,To stoop in such a case.,no
2,2,90,101,11,12,1,no,no,9,,,no
2,2,90,101,11,12,1,no,no,10,,,no
2,2,90,101,11,12,1,no,no,11,,The griefs between ye: to forget them quite,no
2,2,90,101,11,12,1,no,no,12,101,Were to remember that the present need,no
2,2,101,110,9,9,0,yes,no,,,,
2,2,110,120,10,12,2,no,no,1,,forgot.,no
2,2,110,120,10,12,2,no,no,2,,,no
2,2,110,120,10,12,2,no,no,3,,,no
2,2,110,120,10,12,2,no,no,4,,,no
2,2,110,120,10,12,2,no,no,5,,The manner of his speech; for't cannot be,no
2,2,110,120,10,12,2,no,no,6,,"We shall remain in friendship, our conditions",no
2,2,110,120,10,12,2,no,no,7,,"So differing in their acts. Yet, if I knew",no
2,2,110,120,10,12,2,no,no,8,,"What hoop should hold us stanch, from edge to edge",no
2,2,110,120,10,12,2,no,no,9,,O' the world I would pursue it.,no
2,2,110,120,10,12,2,no,no,10,,,no
2,2,110,120,10,12,2,no,no,11,,,no
2,2,110,120,10,12,2,no,no,12,120,,no
2,2,120,130,10,11,1,no,no,1,,Admired,no
2,2,120,130,10,11,1,no,no,2,,Is now a widower.,no
2,2,120,130,10,11,1,no,no,3,,,no
2,2,120,130,10,11,1,no,no,4,,"If Cleopatra heard you, your reproof",no
2,2,120,130,10,11,1,no,no,5,,Were well deserved of rashness.,no
2,2,120,130,10,11,1,no,no,6,,,no
2,2,120,130,10,11,1,no,no,7,,Agrippa,no
2,2,120,130,10,11,1,no,no,8,,,no
2,2,120,130,10,11,1,no,no,9,,"To make you brothers, and to knit your hearts",no
2,2,120,130,10,11,1,no,no,10,,"With an unslipping knot, take Antony",no
2,2,120,130,10,11,1,no,no,11,130,Octavia to his wife; whose beauty claims,no
2,2,130,140,10,10,0,yes,no,,,,
2,2,140,150,10,14,4,no,no,1,,By duty ruminated.,no
2,2,140,150,10,14,4,no,no,2,,,no
2,2,140,150,10,14,4,no,no,3,,,no
2,2,140,150,10,14,4,no,no,4,,With what is spoke already.,no
2,2,140,150,10,14,4,no,no,5,,,no
2,2,140,150,10,14,4,no,no,6,,"If I would say, 'Agrippa, be it so,'",no
2,2,140,150,10,14,4,no,no,7,,To make this good ?,no
2,2,140,150,10,14,4,no,no,8,,,no
2,2,140,150,10,14,4,no,no,9,,His power unto Octavia.,no
2,2,140,150,10,14,4,no,no,10,,,no
2,2,140,150,10,14,4,no,no,11,,"To this good purpose, that so fairly shows,",no
2,2,140,150,10,14,4,no,no,12,,Dream of impediment ! Let me have thy hand :,no
2,2,140,150,10,14,4,no,no,13,,Further this act of grace: and from this hour,no
2,2,140,150,10,14,4,no,no,14,150,The heart of brothers govern in our loves,no
2,2,150,160,10,13,3,no,no,1,,And sway our great designs!,no
2,2,150,160,10,13,3,no,no,2,,,no
2,2,150,160,10,13,3,no,no,3,,"A sister I bequeath you, whom no brother",no
2,2,150,160,10,13,3,no,no,4,,Did ever love so dearly: let her live,no
2,2,150,160,10,13,3,no,no,5,,To join our kingdoms and our hearts; and never,no
2,2,150,160,10,13,3,no,no,6,,Fly off our loves again!,no
2,2,150,160,10,13,3,no,no,7,,,no
2,2,150,160,10,13,3,no,no,8,,,no
2,2,150,160,10,13,3,no,no,9,,For he hath laid strange courtesies and great,no
2,2,150,160,10,13,3,no,no,10,,"Of late upon me: I must thank him only,",no
2,2,150,160,10,13,3,no,no,11,,Lest my remembrance suffer ill report;,no
2,2,150,160,10,13,3,no,no,12,,"At heel of that, defy him.",no
2,2,150,160,10,13,3,no,no,13,160,,no
2,2,160,170,10,13,3,no,no,1,,"Of us must Pompey presently be sought,",no
2,2,160,170,10,13,3,no,no,2,,Or else he seeks out us.,no
2,2,160,170,10,13,3,no,no,3,,,no
2,2,160,170,10,13,3,no,no,4,,,no
2,2,160,170,10,13,3,no,no,5,,,no
2,2,160,170,10,13,3,no,no,6,,,no
2,2,160,170,10,13,3,no,no,7,,He is an absolute master.,no
2,2,160,170,10,13,3,no,no,8,,,no
2,2,160,170,10,13,3,no,no,9,,Would we had spoke together! Haste we for it:,no
2,2,160,170,10,13,3,no,no,10,,"Yet, ere we put ourselves in arms, dispatch we",no
2,2,160,170,10,13,3,no,no,11,,The business we have talk'd of.,no
2,2,160,170,10,13,3,no,no,12,,,no
2,2,160,170,10,13,3,no,no,13,170,"And do invite you to my sister's view,",no
2,2,170,180,10,12,2,no,no,1,,Whither straight I'll lead you.,no
2,2,170,180,10,12,2,no,no,2,,,no
2,2,170,180,10,12,2,no,no,3,,Not lack your company.,no
2,2,170,180,10,12,2,no,no,4,,,no
2,2,170,180,10,12,2,no,no,5,,Not sickness should detain,no
2,2,170,180,10,12,2,no,no,6,,,no
2,2,170,180,10,12,2,no,no,7,,,no
2,2,170,180,10,12,2,no,no,8,,Mecænas! My,no
2,2,170,180,10,12,2,no,no,9,,,no
2,2,170,180,10,12,2,no,no,10,,,no
2,2,170,180,10,12,2,no,no,11,,are so,no
2,2,170,180,10,12,2,no,no,12,180,in Egypt.,no
2,2,180,190,10,10,0,yes,no,,,,
2,2,190,200,10,10,0,yes,no,,,,
2,2,200,210,10,11,1,no,no,1,,"The water which they beat to follow faster,",no
2,2,200,210,10,11,1,no,no,2,,"As amorous of their strokes. For her own person,",no
2,2,200,210,10,11,1,no,no,3,,It beggar'd all description: she did lie,no
2,2,200,210,10,11,1,no,no,4,,In her pavilion—cloth-of-gold of tissue—,no
2,2,200,210,10,11,1,no,no,5,,O'er-picturing that Venus where we see,no
2,2,200,210,10,11,1,no,no,6,,The fancy outwork nature: on each side her,no
2,2,200,210,10,11,1,no,no,7,,"Stood pretty dimpled boys, like smiling Cupids,",no
2,2,200,210,10,11,1,no,no,8,,"With divers-color'd fans, whose wind did seem",no
2,2,200,210,10,11,1,no,no,9,,"To glow the delicate cheeks which they did cool,",no
2,2,200,210,10,11,1,no,no,10,,And what they undid did.,no
2,2,200,210,10,11,1,no,no,11,210,,no
2,2,210,219,9,9,0,yes,no,,,,
2,2,219,230,11,12,1,no,no,1,,"Enthroned i' the market-place, did sit alone,",no
2,2,219,230,11,12,1,no,no,2,,"Whistling to the air; which, but for vacancy,",no
2,2,219,230,11,12,1,no,no,3,,"Had gone to gaze on Cleopatra too,",no
2,2,219,230,11,12,1,no,no,4,,And made a gap in nature.,no
2,2,219,230,11,12,1,no,no,5,,,no
2,2,219,230,11,12,1,no,no,6,,,no
2,2,219,230,11,12,1,no,no,7,,"Invited her to supper: she replied,",no
2,2,219,230,11,12,1,no,no,8,,It should be better he became her guest;,no
2,2,219,230,11,12,1,no,no,9,,"Which she entreated: our courteous Antony,",no
2,2,219,230,11,12,1,no,no,10,,"Whom ne'er the word of 'No' woman heard speak,",no
2,2,219,230,11,12,1,no,no,11,,"Being barber'd ten times o'er, goes to the feast,",no
2,2,219,230,11,12,1,no,no,12,230,And for his ordinary pays his heart,no
2,2,230,240,10,12,2,no,no,1,,For what his eyes eat only.,no
2,2,230,240,10,12,2,no,no,2,,,no
2,2,230,240,10,12,2,no,no,3,,She made great Cæsar lay his sword to bed:,no
2,2,230,240,10,12,2,no,no,4,,"He plough'd her, and she cropp'd.",no
2,2,230,240,10,12,2,no,no,5,,,no
2,2,230,240,10,12,2,no,no,6,,Hop forty paces through the public street;,no
2,2,230,240,10,12,2,no,no,7,,"And having lost her breath, she spoke, and panted,",no
2,2,230,240,10,12,2,no,no,8,,"That she did make defect perfection,",no
2,2,230,240,10,12,2,no,no,9,,"And, breathless, power breathe forth.",no
2,2,230,240,10,12,2,no,no,10,,,no
2,2,230,240,10,12,2,no,no,11,,,no
2,2,230,240,10,12,2,no,no,12,240,"Age cannot wither her, nor custom stale",no
2,2,240,250,10,11,1,no,no,1,,Her infinite variety: other women cloy,no
2,2,240,250,10,11,1,no,no,2,,The appetites they feed: but she makes hungry,no
2,2,240,250,10,11,1,no,no,3,,Where most she satisfies; for vilest things,no
2,2,240,250,10,11,1,no,no,4,,Become themselves in her: that the holy priests,no
2,2,240,250,10,11,1,no,no,5,,Bless her when she is riggish.,no
2,2,240,250,10,11,1,no,no,6,,,no
2,2,240,250,10,11,1,no,no,7,,"The heart of Antony, Octavia is",no
2,2,240,250,10,11,1,no,no,8,,A blessed lottery to him.,no
2,2,240,250,10,11,1,no,no,9,,,no
2,2,240,250,10,11,1,no,no,10,,"Good Enobarbus, make yourself",no
2,2,240,250,10,11,1,no,no,11,250,Whilst you abide here.,no
2,3,10,20,10,12,2,no,no,1,,,no
2,3,10,20,10,12,2,no,no,2,,Thither!,no
2,3,10,20,10,12,2,no,no,3,,,no
2,3,10,20,10,12,2,no,no,4,,,no
2,3,10,20,10,12,2,no,no,5,,"My motion, have it not in my tongue :",no
2,3,10,20,10,12,2,no,no,6,,Hie you to Egypt again.,no
2,3,10,20,10,12,2,no,no,7,,,no
2,3,10,20,10,12,2,no,no,8,,"Whose fortunes shall rise higher,",no
2,3,10,20,10,12,2,no,no,9,,,no
2,3,10,20,10,12,2,no,no,10,,"Therefore, O Antony, stay not by his side:",no
2,3,10,20,10,12,2,no,no,11,,"Thy demon, that's thy spirit which keeps thee, is",no
2,3,10,20,10,12,2,no,no,12,20,"Noble, courageous, high, unmatchable,",no
2,3,20,30,10,12,2,no,no,1,,"Where Cæsar's is not; but, near him, thy angel",no
2,3,20,30,10,12,2,no,no,2,,"Becomes a fear, as being o'erpower'd: therefore",no
2,3,20,30,10,12,2,no,no,3,,Make space enough between you.,no
2,3,20,30,10,12,2,no,no,4,,,no
2,3,20,30,10,12,2,no,no,5,,,no
2,3,20,30,10,12,2,no,no,6,,"If thou dost play with him at any game,",no
2,3,20,30,10,12,2,no,no,7,,"Thou art sure to lose; and, of that natural luck,",no
2,3,20,30,10,12,2,no,no,8,,"He beats thee 'gainst the odds: thy lustre thickens,",no
2,3,20,30,10,12,2,no,no,9,,"When he shines by: I say again, thy spirit",no
2,3,20,30,10,12,2,no,no,10,,Is all afraid to govern thee near him;,no
2,3,20,30,10,12,2,no,no,11,,"But, he away, 'tis noble.",no
2,3,20,30,10,12,2,no,no,12,30,,no
2,3,30,40,10,11,1,no,no,1,,Say to Ventidius I would speak with him:,no
2,3,30,40,10,11,1,no,no,2,,"He shall to Parthia. Be it art or hap,",no
2,3,30,40,10,11,1,no,no,3,,He hath spoken true : the very dice obey him;,no
2,3,30,40,10,11,1,no,no,4,,And in our sports my better cunning faints,no
2,3,30,40,10,11,1,no,no,5,,"Under his chance : if we draw lots, he speeds;",no
2,3,30,40,10,11,1,no,no,6,,"His cocks do win the battle still of mine,",no
2,3,30,40,10,11,1,no,no,7,,When it is all to nought; and his quails ever,no
2,3,30,40,10,11,1,no,no,8,,"Beat mine, inhoop'd, at odds. I will to Egypt:",no
2,3,30,40,10,11,1,no,no,9,,"And though I make this marriage for my peace,",no
2,3,30,40,10,11,1,no,no,10,,I' the east my pleasure lies.,no
2,3,30,40,10,11,1,no,no,11,40,"O, come, Ventidius,",no
2,5,11,30,19,23,4,no,no,1,,Tawny-finn'd fishes; my bended hook shall pierce,no
2,5,11,30,19,23,4,no,no,2,,"Their slimy jaws; and, as I draw them up,",no
2,5,11,30,19,23,4,no,no,3,,"I'll think them every one an Antony,",no
2,5,11,30,19,23,4,no,no,4,,"And say 'Ah, ha! you're caught.'",no
2,5,11,30,19,23,4,no,no,5,,,no
2,5,11,30,19,23,4,no,no,6,,You wager'd on your angling;,no
2,5,11,30,19,23,4,no,no,7,,"Did hang a salt-fish on his hook,",no
2,5,11,30,19,23,4,no,no,8,,With fervency drew up.,no
2,5,11,30,19,23,4,no,no,9,,,no
2,5,11,30,19,23,4,no,no,10,,I laugh'd him out of patience; and that night,no
2,5,11,30,19,23,4,no,no,11,,"I laugh'd him into patience; and next morn,",no
2,5,11,30,19,23,4,no,no,12,,"Ere the ninth hour, I drunk him to his bed;",no
2,5,11,30,19,23,4,no,no,13,,"Then put my tires and mantles on him, whilst",no
2,5,11,30,19,23,4,no,no,14,,I wore his sword Philippan.,no
2,5,11,30,19,23,4,no,no,15,,"O, from Italy",no
2,5,11,30,19,23,4,no,no,16,,"Ram thou thy fruitful tidings in mine ears,",no
2,5,11,30,19,23,4,no,no,17,,That long time have been barren.,no
2,5,11,30,19,23,4,no,no,18,,,no
2,5,11,30,19,23,4,no,no,19,,,no
2,5,11,30,19,23,4,no,no,20,,Thou kill'st thy mistress:,no
2,5,11,30,19,23,4,no,no,21,,"If thou so yield him,",no
2,5,11,30,19,23,4,no,no,22,,My bluest veins to kiss; a hand that kings,no
2,5,11,30,19,23,4,no,no,23,30,"Have lipp'd, and trembled kissing.",no
2,5,30,40,10,12,2,no,no,1,,,no
2,5,30,40,10,12,2,no,no,2,,,no
2,5,30,40,10,12,2,no,no,3,,"But, sirrah, mark, we use",no
2,5,30,40,10,12,2,no,no,4,,"To say the dead are well: bring it to that,",no
2,5,30,40,10,12,2,no,no,5,,The gold I give thee will I melt and pour,no
2,5,30,40,10,12,2,no,no,6,,Down thy ill-uttering throat.,no
2,5,30,40,10,12,2,no,no,7,,,no
2,5,30,40,10,12,2,no,no,8,,,no
2,5,30,40,10,12,2,no,no,9,,But there's no goodness in thy face: if Antony,no
2,5,30,40,10,12,2,no,no,10,,"Be free and healthful,—so tart a favor",no
2,5,30,40,10,12,2,no,no,11,,"To trumpet such good tidings! If not well,",no
2,5,30,40,10,12,2,no,no,12,40,"Thou shouldst come like a Fury crown'd with snakes,",no
2,5,40,51,11,16,5,no,no,1,,Not like a formal man.,no
2,5,40,51,11,16,5,no,no,2,,,no
2,5,40,51,11,16,5,no,no,3,,,no
2,5,40,51,11,16,5,no,no,4,,"Yet, if thou say Antony lives, is well,",no
2,5,40,51,11,16,5,no,no,5,,"Or friends with Cæsar, or not captive to him,",no
2,5,40,51,11,16,5,no,no,6,,"I'll set thee in a shower of gold, and hail",no
2,5,40,51,11,16,5,no,no,7,,Rich pearls upon thee.,no
2,5,40,51,11,16,5,no,no,8,,,no
2,5,40,51,11,16,5,no,no,9,,,no
2,5,40,51,11,16,5,no,no,10,,,no
2,5,40,51,11,16,5,no,no,11,,,no
2,5,40,51,11,16,5,no,no,12,,,no
2,5,40,51,11,16,5,no,no,13,,,no
2,5,40,51,11,16,5,no,no,14,,,no
2,5,40,51,11,16,5,no,no,15,,,no
2,5,40,51,11,16,5,no,no,16,51,The good precedence; fie upon 'But yet'!,no
2,5,51,60,9,11,2,no,no,1,,'But yet' is as a gaoler to bring forth,no
2,5,51,60,9,11,2,no,no,2,,"Some monstrous malefactor. Prithee, friend,",no
2,5,51,60,9,11,2,no,no,3,,"Pour out the pack of matter to mine ear,",no
2,5,51,60,9,11,2,no,no,4,,The good and bad together: he's friends with Cæsar:,no
2,5,51,60,9,11,2,no,no,5,,In state of health thou say'st; and thou say'st free.,no
2,5,51,60,9,11,2,no,no,6,,,no
2,5,51,60,9,11,2,no,no,7,,He's bound unto Octavia.,no
2,5,51,60,9,11,2,no,no,8,,,no
2,5,51,60,9,11,2,no,no,9,,,no
2,5,51,60,9,11,2,no,no,10,,,no
2,5,51,60,9,11,2,no,no,11,60,,no
2,5,60,71,11,13,2,no,no,1,,,no
2,5,60,71,11,13,2,no,no,2,,,no
2,5,60,71,11,13,2,no,no,3,,,no
2,5,60,71,11,13,2,no,no,4,,Horrible villain! or I'll spurn thine eyes,no
2,5,60,71,11,13,2,no,no,5,,Like balls before me; I'll unhair thy head:,no
2,5,60,71,11,13,2,no,no,6,,"Thou shalt be whipp'd with wire, and stew'd in brine,",no
2,5,60,71,11,13,2,no,no,7,,Smarting in lingering pickle.,no
2,5,60,71,11,13,2,no,no,8,,,no
2,5,60,71,11,13,2,no,no,9,,I that do bring the news made not the match.,no
2,5,60,71,11,13,2,no,no,10,,,no
2,5,60,71,11,13,2,no,no,11,,And make thy fortunes proud: the blow thou hadst,no
2,5,60,71,11,13,2,no,no,12,,Shall make thy peace for moving me to rage;,no
2,5,60,71,11,13,2,no,no,13,71,And I will boot thee with what gift beside,no
2,5,71,90,19,23,4,no,no,1,,Thy modesty can beg.,no
2,5,71,90,19,23,4,no,no,2,,,no
2,5,71,90,19,23,4,no,no,3,,,no
2,5,71,90,19,23,4,no,no,4,,,no
2,5,71,90,19,23,4,no,no,5,,"What mean you, madam? I have made no fault.",no
2,5,71,90,19,23,4,no,no,6,,,no
2,5,71,90,19,23,4,no,no,7,,The man is innocent.,no
2,5,71,90,19,23,4,no,no,8,,,no
2,5,71,90,19,23,4,no,no,9,,Melt Egypt into Nile! and kindly creatures,no
2,5,71,90,19,23,4,no,no,10,,Turn all to serpents! Call the slave again:,no
2,5,71,90,19,23,4,no,no,11,,"Though I am mad, I will not bite him: call.",no
2,5,71,90,19,23,4,no,no,12,,,no
2,5,71,90,19,23,4,no,no,13,,,no
2,5,71,90,19,23,4,no,no,14,,"These hands do lack nobility, that they strike",no
2,5,71,90,19,23,4,no,no,15,,A meaner than myself; since I myself,no
2,5,71,90,19,23,4,no,no,16,,Have given myself the cause.,no
2,5,71,90,19,23,4,no,no,17,,"Though it be honest, it is never good",no
2,5,71,90,19,23,4,no,no,18,,To bring bad news: give to a gracious message.,no
2,5,71,90,19,23,4,no,no,19,,An host of tongues; but let ill tidings tell,no
2,5,71,90,19,23,4,no,no,20,,Themselves when they be felt.,no
2,5,71,90,19,23,4,no,no,21,,,no
2,5,71,90,19,23,4,no,no,22,,,no
2,5,71,90,19,23,4,no,no,23,90,"I cannot hate thee worser than I do,",no
2,5,90,100,10,13,3,no,no,1,,If thou again say 'Yes.',no
2,5,90,100,10,13,3,no,no,2,,,no
2,5,90,100,10,13,3,no,no,3,,,no
2,5,90,100,10,13,3,no,no,4,,,no
2,5,90,100,10,13,3,no,no,5,,,no
2,5,90,100,10,13,3,no,no,6,,So half my Egypt were submerged and made,no
2,5,90,100,10,13,3,no,no,7,,"A cistern for scaled snakes! Go, get thee hence:",no
2,5,90,100,10,13,3,no,no,8,,"Hadst thou Narcissus in thy face, to me",no
2,5,90,100,10,13,3,no,no,9,,Thou wouldst appear most ugly. He is married ?,no
2,5,90,100,10,13,3,no,no,10,,,no
2,5,90,100,10,13,3,no,no,11,,n=98,no
2,5,90,100,10,13,3,no,no,12,,,no
2,5,90,100,10,13,3,no,no,13,100,To punish me for what you make me do.,no
2,5,100,110,10,12,2,no,no,1,,Seems much unequal: he's married to Octavia.,no
2,5,100,110,10,12,2,no,no,2,,,no
2,5,100,110,10,12,2,no,no,3,,That art not what thou'rt sure of! Get thee hence:,no
2,5,100,110,10,12,2,no,no,4,,The merchandise which thou hast brought from Rome,no
2,5,100,110,10,12,2,no,no,5,,"Are all too dear for me: lie they upon thy hand,",no
2,5,100,110,10,12,2,no,no,6,,And be undone by 'em!,no
2,5,100,110,10,12,2,no,no,7,,,no
2,5,100,110,10,12,2,no,no,8,,,no
2,5,100,110,10,12,2,no,no,9,,,no
2,5,100,110,10,12,2,no,no,10,,,no
2,5,100,110,10,12,2,no,no,11,,Lead me from hence:,no
2,5,100,110,10,12,2,no,no,12,110,"I faint: O Iras, Charmian ! 'tis no matter.",no
2,6,10,19,9,9,0,yes,no,,,,
2,6,19,30,11,14,3,no,no,1,,Hath made me rig my navy; at whose burthen,no
2,6,19,30,11,14,3,no,no,2,,The anger'd ocean foams; with which I meant,no
2,6,19,30,11,14,3,no,no,3,,To scourge the ingratitude that despiteful Rome,no
2,6,19,30,11,14,3,no,no,4,,Cast on my noble father.,no
2,6,19,30,11,14,3,no,no,5,,,no
2,6,19,30,11,14,3,no,no,6,,,no
2,6,19,30,11,14,3,no,no,7,,"We'll speak with thee at sea: at land, thou know'st",no
2,6,19,30,11,14,3,no,no,8,,How much we do o'er-count thee.,no
2,6,19,30,11,14,3,no,no,9,,,no
2,6,19,30,11,14,3,no,no,10,,Thou dost o'er-count me of my father's house :,no
2,6,19,30,11,14,3,no,no,11,,"But, since the cuckoo builds not for himself,",no
2,6,19,30,11,14,3,no,no,12,,Remain in't as thou mayst.,no
2,6,19,30,11,14,3,no,no,13,,,no
2,6,19,30,11,14,3,no,no,14,30,For this is from the present—how you take,no
2,6,30,40,10,14,4,no,no,1,,The offers we have sent you.,no
2,6,30,40,10,14,4,no,no,2,,,no
2,6,30,40,10,14,4,no,no,3,,,no
2,6,30,40,10,14,4,no,no,4,,What it is worth embraced.,no
2,6,30,40,10,14,4,no,no,5,,,no
2,6,30,40,10,14,4,no,no,6,,To try a larger fortune.,no
2,6,30,40,10,14,4,no,no,7,,,no
2,6,30,40,10,14,4,no,no,8,,"Of Sicily, Sardinia; and I must",no
2,6,30,40,10,14,4,no,no,9,,"Rid all the sea of pirates; then, to send",no
2,6,30,40,10,14,4,no,no,10,,Measures of wheat to Rome; this 'greed upon,no
2,6,30,40,10,14,4,no,no,11,,"To part with unhack'd edges, and bear back",no
2,6,30,40,10,14,4,no,no,12,,Our targes undinted.,no
2,6,30,40,10,14,4,no,no,13,,,no
2,6,30,40,10,14,4,no,no,14,40,,no
2,6,40,50,10,12,2,no,no,1,,I came before you here,no
2,6,40,50,10,12,2,no,no,2,,To take this offer: but Mark Antony,no
2,6,40,50,10,12,2,no,no,3,,Put me to some impatience: though I lose,no
2,6,40,50,10,12,2,no,no,4,,"The praise of it by telling, you must know,",no
2,6,40,50,10,12,2,no,no,5,,"When Cæsar and your brother were at blows,",no
2,6,40,50,10,12,2,no,no,6,,Your mother came to Sicily and did find,no
2,6,40,50,10,12,2,no,no,7,,Her welcome friendly.,no
2,6,40,50,10,12,2,no,no,8,,,no
2,6,40,50,10,12,2,no,no,9,,And am well studied for a liberal thanks,no
2,6,40,50,10,12,2,no,no,10,,Which I do owe you.,no
2,6,40,50,10,12,2,no,no,11,,,no
2,6,40,50,10,12,2,no,no,12,50,"I did not think, sir, to have met you here.",no
2,6,50,60,10,14,4,no,no,1,,,no
2,6,50,60,10,14,4,no,no,2,,That call'd me timelier than my purpose hither;,no
2,6,50,60,10,14,4,no,no,3,,For I have gain'd by 't.,no
2,6,50,60,10,14,4,no,no,4,,,no
2,6,50,60,10,14,4,no,no,5,,There is a change upon you.,no
2,6,50,60,10,14,4,no,no,6,,,no
2,6,50,60,10,14,4,no,no,7,,What counts harsh fortune casts upon my face;,no
2,6,50,60,10,14,4,no,no,8,,"But in my bosom shall she never come,",no
2,6,50,60,10,14,4,no,no,9,,To make my heart her vassal.,no
2,6,50,60,10,14,4,no,no,10,,,no
2,6,50,60,10,14,4,no,no,11,,,no
2,6,50,60,10,14,4,no,no,12,,"I crave our composition may be written,",no
2,6,50,60,10,14,4,no,no,13,,And seal'd between us.,no
2,6,50,60,10,14,4,no,no,14,60,,no
2,6,60,70,10,14,4,no,no,1,,,no
2,6,60,70,10,14,4,no,no,2,,Draw lots who shall begin.,no
2,6,60,70,10,14,4,no,no,3,,,no
2,6,60,70,10,14,4,no,no,4,,,no
2,6,60,70,10,14,4,no,no,5,,"Or last,",no
2,6,60,70,10,14,4,no,no,6,,Shall have the fame. I have,no
2,6,60,70,10,14,4,no,no,7,,Grew fat with feasting there.,no
2,6,60,70,10,14,4,no,no,8,,,no
2,6,60,70,10,14,4,no,no,9,,,no
2,6,60,70,10,14,4,no,no,10,,,no
2,6,60,70,10,14,4,no,no,11,,,no
2,6,60,70,10,14,4,no,no,12,,"And I have heard, Apollodorus carried-",no
2,6,60,70,10,14,4,no,no,13,,,no
2,6,60,70,10,14,4,no,no,14,70,,no
2,6,70,80,10,13,3,no,no,1,,,no
2,6,70,80,10,13,3,no,no,2,,,no
2,6,70,80,10,13,3,no,no,3,,,no
2,6,70,80,10,13,3,no,no,4,,"And well am like to do; for, I perceive,",no
2,6,70,80,10,13,3,no,no,5,,Four feasts are toward.,no
2,6,70,80,10,13,3,no,no,6,,,no
2,6,70,80,10,13,3,no,no,7,,"I never hated thee: I have seen thee fight,",no
2,6,70,80,10,13,3,no,no,8,,When I have envied thy behavior.,no
2,6,70,80,10,13,3,no,no,9,,,no
2,6,70,80,10,13,3,no,no,10,,"I never loved you much; but I ha' praised ye,",no
2,6,70,80,10,13,3,no,no,11,,When you have well deserved ten times as much,no
2,6,70,80,10,13,3,no,no,12,,As I have said you did.,no
2,6,70,80,10,13,3,no,no,13,80,,no
2,6,80,90,10,11,1,no,no,1,,It nothing ill becomes thee.,no
2,6,80,90,10,11,1,no,no,2,,Aboard my galley I invite you all:,no
2,6,80,90,10,11,1,no,no,3,,"Will you lead, lords ?",no
2,6,80,90,10,11,1,no,no,4,,,no
2,6,80,90,10,11,1,no,no,5,,,no
2,6,80,90,10,11,1,no,no,6,,,no
2,6,80,90,10,11,1,no,no,7,,ne'er have made this,no
2,6,80,90,10,11,1,no,no,8,,,no
2,6,80,90,10,11,1,no,no,9,,,no
2,6,80,90,10,11,1,no,no,10,,,no
2,6,80,90,10,11,1,no,no,11,90,,no
2,6,90,101,11,11,0,yes,no,,,,
2,6,101,110,9,9,0,yes,no,,,,
2,6,110,120,10,11,1,no,no,1,,,no
2,6,110,120,10,11,1,no,no,2,,,no
2,6,110,120,10,11,1,no,no,3,,Mark Antony,no
2,6,110,120,10,11,1,no,no,4,,to Cleopatra?,no
2,6,110,120,10,11,1,no,no,5,,,no
2,6,110,120,10,11,1,no,no,6,,,no
2,6,110,120,10,11,1,no,no,7,,Marcellus.,no
2,6,110,120,10,11,1,no,no,8,,,no
2,6,110,120,10,11,1,no,no,9,,Antonius.,no
2,6,110,120,10,11,1,no,no,10,,,no
2,6,110,120,10,11,1,no,no,11,120,,no
2,6,120,131,11,12,1,no,no,1,,,no
2,6,120,131,11,12,1,no,no,2,,together.,no
2,6,120,131,11,12,1,no,no,3,,,no
2,6,120,131,11,12,1,no,no,4,,"unity, I would",no
2,6,120,131,11,12,1,no,no,5,,,no
2,6,120,131,11,12,1,no,no,6,,made more,no
2,6,120,131,11,12,1,no,no,7,,the parties.,no
2,6,120,131,11,12,1,no,no,8,,,no
2,6,120,131,11,12,1,no,no,9,,band,no
2,6,120,131,11,12,1,no,no,10,,will be the,no
2,6,120,131,11,12,1,no,no,11,,"amity: Octavia is of a holy, cold,",no
2,6,120,131,11,12,1,no,no,12,131,conversation.,no
2,6,131,140,9,9,0,yes,no,,,,
2,7,11,20,9,8,-1,no,no,1,,,no
2,7,11,20,9,8,-1,no,no,2,,great men's fellowship:,no
2,7,11,20,9,8,-1,no,no,3,,reed that will do me no,no
2,7,11,20,9,8,-1,no,no,4,,I could not heave.,no
2,7,11,20,9,8,-1,no,no,5,,,no
2,7,11,20,9,8,-1,no,no,6,,and not to be seen,no
2,7,11,20,9,8,-1,no,no,7,,"where eyes should be, which",no
2,7,11,20,9,8,-1,no,no,8,20,,no
2,7,20,31,11,11,0,yes,no,,,,
2,7,31,41,10,10,0,yes,no,,,,
2,7,41,51,10,12,2,no,no,1,,,no
2,7,41,51,10,12,2,no,no,2,,,no
2,7,41,51,10,12,2,no,no,3,,,no
2,7,41,51,10,12,2,no,no,4,,And hear me speak a word.,no
2,7,41,51,10,12,2,no,no,5,,,no
2,7,41,51,10,12,2,no,no,6,,This wine for Lepidus!,no
2,7,41,51,10,12,2,no,no,7,,,no
2,7,41,51,10,12,2,no,no,8,,,no
2,7,41,51,10,12,2,no,no,9,,as broad as it,no
2,7,41,51,10,12,2,no,no,10,,"as it is, and moves with its",no
2,7,41,51,10,12,2,no,no,11,,lives by that which nourisheth it; and,no
2,7,41,51,10,12,2,no,no,12,51,"once out of it, it transmigrates.",no
2,7,51,61,10,10,0,yes,no,,,,
2,7,61,71,10,14,4,no,no,1,,Rise from thy stool.,no
2,7,61,71,10,14,4,no,no,2,,,no
2,7,61,71,10,14,4,no,no,3,,,no
2,7,61,71,10,14,4,no,no,4,,,no
2,7,61,71,10,14,4,no,no,5,,"Be jolly, lords.",no
2,7,61,71,10,14,4,no,no,6,,,no
2,7,61,71,10,14,4,no,no,7,,"Keep off them, for you sink.",no
2,7,61,71,10,14,4,no,no,8,,,no
2,7,61,71,10,14,4,no,no,9,,,no
2,7,61,71,10,14,4,no,no,10,,,no
2,7,61,71,10,14,4,no,no,11,,,no
2,7,61,71,10,14,4,no,no,12,,,no
2,7,61,71,10,14,4,no,no,13,,"And, though thou think me",no
2,7,61,71,10,14,4,no,no,14,71,Will give thee all the world.,no
2,7,71,81,10,13,3,no,no,1,,,no
2,7,71,81,10,13,3,no,no,2,,,no
2,7,71,81,10,13,3,no,no,3,,"Thou art, if thou darest be, the earthly Jove:",no
2,7,71,81,10,13,3,no,no,4,,"Whate'er the ocean pales, or sky inclips,",no
2,7,71,81,10,13,3,no,no,5,,"Is thine, if thou wilt ha't.",no
2,7,71,81,10,13,3,no,no,6,,,no
2,7,71,81,10,13,3,no,no,7,,,no
2,7,71,81,10,13,3,no,no,8,,Are in thy vessel: let me cut the cable;,no
2,7,71,81,10,13,3,no,no,9,,"And, when we are put off, fall to their throats:",no
2,7,71,81,10,13,3,no,no,10,,All there is thine.,no
2,7,71,81,10,13,3,no,no,11,,,no
2,7,71,81,10,13,3,no,no,12,,And not have spoke on't! In me 'tis villany;,no
2,7,71,81,10,13,3,no,no,13,81,"In thee't had been good service. Thou must know,",no
2,7,81,90,9,10,1,no,no,1,,'Tis not my profit that does lead mine honor;,no
2,7,81,90,9,10,1,no,no,2,,"Mine honor, it. Repent that e'er thy tongue",no
2,7,81,90,9,10,1,no,no,3,,"Hath so betray'd thine act: being done unknown,",no
2,7,81,90,9,10,1,no,no,4,,I should have found it afterwards well done;,no
2,7,81,90,9,10,1,no,no,5,,"But must condemn it now. Desist, and drink.",no
2,7,81,90,9,10,1,no,no,6,,,no
2,7,81,90,9,10,1,no,no,7,,I'll never follow thy pall'd fortunes more.,no
2,7,81,90,9,10,1,no,no,8,,"Who seeks, and will not take when once 'tis offer'd,",no
2,7,81,90,9,10,1,no,no,9,,Shall never find it more.,no
2,7,81,90,9,10,1,no,no,10,90,,no
2,7,90,100,10,11,1,no,no,1,,,no
2,7,90,100,10,11,1,no,no,2,,,no
2,7,90,100,10,11,1,no,no,3,,,no
2,7,90,100,10,11,1,no,no,4,,,no
2,7,90,100,10,11,1,no,no,5,,,no
2,7,90,100,10,11,1,no,no,6,,,no
2,7,90,100,10,11,1,no,no,7,,,no
2,7,90,100,10,11,1,no,no,8,,man; see'st,no
2,7,90,100,10,11,1,no,no,9,,,no
2,7,90,100,10,11,1,no,no,10,,That it might go on wheels!,no
2,7,90,100,10,11,1,no,no,11,100,,no
2,7,100,111,11,15,4,no,no,1,,,no
2,7,100,111,11,15,4,no,no,2,,,no
2,7,100,111,11,15,4,no,no,3,,,no
2,7,100,111,11,15,4,no,no,4,,Here is to Cæsar!,no
2,7,100,111,11,15,4,no,no,5,,,no
2,7,100,111,11,15,4,no,no,6,,"It's monstrous labor,",no
2,7,100,111,11,15,4,no,no,7,,And it grows fouler.,no
2,7,100,111,11,15,4,no,no,8,,,no
2,7,100,111,11,15,4,no,no,9,,,no
2,7,100,111,11,15,4,no,no,10,,But I had rather,no
2,7,100,111,11,15,4,no,no,11,,Than drink so much in one.,no
2,7,100,111,11,15,4,no,no,12,,,no
2,7,100,111,11,15,4,no,no,13,,Shall we dance now,no
2,7,100,111,11,15,4,no,no,14,,And celebrate our drink ?,no
2,7,100,111,11,15,4,no,no,15,111,,no
2,7,111,120,9,10,1,no,no,1,,,no
2,7,111,120,9,10,1,no,no,2,,Till that the conquering wine hath steep'd our sense,no
2,7,111,120,9,10,1,no,no,3,,In soft and delicate Lethe.,no
2,7,111,120,9,10,1,no,no,4,,,no
2,7,111,120,9,10,1,no,no,5,,Make battery to our ears with the loud music:,no
2,7,111,120,9,10,1,no,no,6,,The while I'll place you: then the boy shall sing;,no
2,7,111,120,9,10,1,no,no,7,,The holding every man shall bear as loud,no
2,7,111,120,9,10,1,no,no,8,,As his strong sides can volley.,no
2,7,111,120,9,10,1,no,no,9,,THE SONG.,no
2,7,111,120,9,10,1,no,no,10,120,"Come, thou monarch of the vine,",no
2,7,120,130,10,10,0,yes,no,,,,
2,7,130,141,11,15,4,no,no,1,,Splits what it speaks: the wild disguise hath almost,no
2,7,130,141,11,15,4,no,no,2,,Antick'd us all. What needs more words ? Good night.,no
2,7,130,141,11,15,4,no,no,3,,"Good Antony, your hand.",no
2,7,130,141,11,15,4,no,no,4,,,no
2,7,130,141,11,15,4,no,no,5,,,no
2,7,130,141,11,15,4,no,no,6,,,no
2,7,130,141,11,15,4,no,no,7,,"You have my father's house,--",no
2,7,130,141,11,15,4,no,no,8,,"Come, down into the boat.",no
2,7,130,141,11,15,4,no,no,9,,,no
2,7,130,141,11,15,4,no,no,10,,"Menas, I'll not on shore.",no
2,7,130,141,11,15,4,no,no,11,,,no
2,7,130,141,11,15,4,no,no,12,,These drums!,no
2,7,130,141,11,15,4,no,no,13,,Let Neptune hear we bid a loud farewell,no
2,7,130,141,11,15,4,no,no,14,,"To these great fellows: sound and be hang'd, sound out!",no
2,7,130,141,11,15,4,no,no,15,141,,no
3,1,10,19,9,10,1,no,no,1,,Put garlands on thy head.,no
3,1,10,19,9,10,1,no,no,2,,,no
3,1,10,19,9,10,1,no,no,3,,"I have done enough; a lower place, note well,",no
3,1,10,19,9,10,1,no,no,4,,"May make too great an act: for learn this, Silius;",no
3,1,10,19,9,10,1,no,no,5,,"Better to leave undone, than by our deed",no
3,1,10,19,9,10,1,no,no,6,,Acquire too high a fame when him we serve's away.,no
3,1,10,19,9,10,1,no,no,7,,Cæsar and Antony have ever won,no
3,1,10,19,9,10,1,no,no,8,,"More in their officer than person: Sossius,",no
3,1,10,19,9,10,1,no,no,9,,"One of my place in Syria, his lieutenant,",no
3,1,10,19,9,10,1,no,no,10,19,"For quick accumulation of renown,",no
3,1,19,29,10,11,1,no,no,1,,"Which he achieved by the minute, lost his favor.",no
3,1,19,29,10,11,1,no,no,2,,Who does i' the wars more than his captain can,no
3,1,19,29,10,11,1,no,no,3,,"Becomes his captain's captain: and ambition,",no
3,1,19,29,10,11,1,no,no,4,,"The soldier's virtue, rather makes choice of loss,",no
3,1,19,29,10,11,1,no,no,5,,Than gain which darkens him.,no
3,1,19,29,10,11,1,no,no,6,,"I could do more to do Antonius good,",no
3,1,19,29,10,11,1,no,no,7,,But 'twould offend him; and in his offence,no
3,1,19,29,10,11,1,no,no,8,,Should my performance perish.,no
3,1,19,29,10,11,1,no,no,9,,,no
3,1,19,29,10,11,1,no,no,10,,"Without the which a soldier, and his sword,",no
3,1,19,29,10,11,1,no,no,11,29,Grants scarce distinction. Thou wilt write to Antony !,no
3,2,11,20,9,10,1,no,no,1,,,no
3,2,11,20,9,10,1,no,no,2,,,no
3,2,11,20,9,10,1,no,no,3,,,no
3,2,11,20,9,10,1,no,no,4,,,no
3,2,11,20,9,10,1,no,no,5,,"Ho! hearts, tongues, figures, scribes, bards, poets, cannot",no
3,2,11,20,9,10,1,no,no,6,,"Think, speak, cast, write, sing, number, ho!",no
3,2,11,20,9,10,1,no,no,7,,"His love to Antony. But as for Cæsar,",no
3,2,11,20,9,10,1,no,no,8,,"Kneel down, kneel down, and wonder.",no
3,2,11,20,9,10,1,no,no,9,,,no
3,2,11,20,9,10,1,no,no,10,20,,no
3,2,20,30,10,10,0,yes,no,,,,
3,2,30,40,10,13,3,no,no,1,,The fortress of it; for better might we,no
3,2,30,40,10,13,3,no,no,2,,"Have loved without this mean, if on both parts",no
3,2,30,40,10,13,3,no,no,3,,This be not cherish'd.,no
3,2,30,40,10,13,3,no,no,4,,,no
3,2,30,40,10,13,3,no,no,5,,In your distrust.,no
3,2,30,40,10,13,3,no,no,6,,,no
3,2,30,40,10,13,3,no,no,7,,,no
3,2,30,40,10,13,3,no,no,8,,"Though you be therein curious, the least cause",no
3,2,30,40,10,13,3,no,no,9,,"For what you seem to fear: so, the gods keep you,",no
3,2,30,40,10,13,3,no,no,10,,And make the hearts of Romans serve your ends !,no
3,2,30,40,10,13,3,no,no,11,,We will here part.,no
3,2,30,40,10,13,3,no,no,12,,,no
3,2,30,40,10,13,3,no,no,13,40,"The elements be kind to thee, and make",no
3,2,40,50,10,12,2,no,no,1,,Thy spirits all of comfort! fare thee well.,no
3,2,40,50,10,12,2,no,no,2,,,no
3,2,40,50,10,12,2,no,no,3,,,no
3,2,40,50,10,12,2,no,no,4,,And these the showers to bring it on. Be cheerful.,no
3,2,40,50,10,12,2,no,no,5,,,no
3,2,40,50,10,12,2,no,no,6,,,no
3,2,40,50,10,12,2,no,no,7,,Octavia ?,no
3,2,40,50,10,12,2,no,no,8,,,no
3,2,40,50,10,12,2,no,no,9,,,no
3,2,40,50,10,12,2,no,no,10,,"Her heart inform her tongue,-the swan's down-feather,",no
3,2,40,50,10,12,2,no,no,11,,"That stands upon the swell at full of tide,",no
3,2,40,50,10,12,2,no,no,12,50,And neither way inclines.,no
3,2,50,60,10,15,5,no,no,1,,,no
3,2,50,60,10,15,5,no,no,2,,,no
3,2,50,60,10,15,5,no,no,3,,,no
3,2,50,60,10,15,5,no,no,4,,So is,no
3,2,50,60,10,15,5,no,no,5,,,no
3,2,50,60,10,15,5,no,no,6,,"When Antony found Julius Cæsar dead,",no
3,2,50,60,10,15,5,no,no,7,,He cried almost to roaring; and he wept,no
3,2,50,60,10,15,5,no,no,8,,When at Philippi he found Brutus slain.,no
3,2,50,60,10,15,5,no,no,9,,,no
3,2,50,60,10,15,5,no,no,10,,"What willingly he did confound he wail'd,",no
3,2,50,60,10,15,5,no,no,11,,"Believe 't, till I wept too.",no
3,2,50,60,10,15,5,no,no,12,,,no
3,2,50,60,10,15,5,no,no,13,,You shall hear from me still; the time shall not,no
3,2,50,60,10,15,5,no,no,14,,Out-go my thinking on you.,no
3,2,50,60,10,15,5,no,no,15,60,,no
3,3,10,20,10,11,1,no,no,1,,,no
3,3,10,20,10,11,1,no,no,2,,"I look'd her in the face, and",no
3,3,10,20,10,11,1,no,no,3,,Between her brother and Mark Antony.,no
3,3,10,20,10,11,1,no,no,4,,,no
3,3,10,20,10,11,1,no,no,5,,,no
3,3,10,20,10,11,1,no,no,6,,,no
3,3,10,20,10,11,1,no,no,7,,,no
3,3,10,20,10,11,1,no,no,8,,,no
3,3,10,20,10,11,1,no,no,9,,,no
3,3,10,20,10,11,1,no,no,10,,,no
3,3,10,20,10,11,1,no,no,11,20,"What majesty is in her gait? Remember,",no
3,3,20,30,10,17,7,no,no,1,,If e'er thou look'dst on majesty.,no
3,3,20,30,10,17,7,no,no,2,,,no
3,3,20,30,10,17,7,no,no,3,,Her motion and her station are as one;,no
3,3,20,30,10,17,7,no,no,4,,"She shows a body rather than a life,",no
3,3,20,30,10,17,7,no,no,5,,A statue than a breather.,no
3,3,20,30,10,17,7,no,no,6,,,no
3,3,20,30,10,17,7,no,no,7,,,no
3,3,20,30,10,17,7,no,no,8,,,no
3,3,20,30,10,17,7,no,no,9,,Cannot make better note.,no
3,3,20,30,10,17,7,no,no,10,,,no
3,3,20,30,10,17,7,no,no,11,,I do perceive 't:,no
3,3,20,30,10,17,7,no,no,12,,The fellow has good judgment.,no
3,3,20,30,10,17,7,no,no,13,,,no
3,3,20,30,10,17,7,no,no,14,,,no
3,3,20,30,10,17,7,no,no,15,,,no
3,3,20,30,10,17,7,no,no,16,,"She was a widow,—",no
3,3,20,30,10,17,7,no,no,17,30,,no
3,3,30,40,10,11,1,no,no,1,,,no
3,3,30,40,10,11,1,no,no,2,,,no
3,3,30,40,10,11,1,no,no,3,,,no
3,3,30,40,10,11,1,no,no,4,,,no
3,3,30,40,10,11,1,no,no,5,,"Her hair, what color ?",no
3,3,30,40,10,11,1,no,no,6,,,no
3,3,30,40,10,11,1,no,no,7,,As low as she would wish it.,no
3,3,30,40,10,11,1,no,no,8,,,no
3,3,30,40,10,11,1,no,no,9,,Thou must not take my former sharpness ill:,no
3,3,30,40,10,11,1,no,no,10,,I will employ thee back again; I find thee,no
3,3,30,40,10,11,1,no,no,11,40,Most fit for business: go make thee ready;,no
3,3,40,50,10,12,2,no,no,1,,Our letters are prepared.,no
3,3,40,50,10,12,2,no,no,2,,,no
3,3,40,50,10,12,2,no,no,3,,,no
3,3,40,50,10,12,2,no,no,4,,"That so I harried him. Why, methinks, by him,",no
3,3,40,50,10,12,2,no,no,5,,This creature's no such thing.,no
3,3,40,50,10,12,2,no,no,6,,,no
3,3,40,50,10,12,2,no,no,7,,,no
3,3,40,50,10,12,2,no,no,8,,,no
3,3,40,50,10,12,2,no,no,9,,And,no
3,3,40,50,10,12,2,no,no,10,,,no
3,3,40,50,10,12,2,no,no,11,,But 'tis no matter; thou shalt bring him to me,no
3,3,40,50,10,12,2,no,no,12,50,Where I will write. All may be well enough.,no
3,4,10,20,10,11,1,no,no,1,,"Believe not all; or, if you must believe,",no
3,4,10,20,10,11,1,no,no,2,,"Stomach not all. A more unhappy lady,",no
3,4,10,20,10,11,1,no,no,3,,"If this division chance, ne'er stood between,",no
3,4,10,20,10,11,1,no,no,4,,Praying for both parts:,no
3,4,10,20,10,11,1,no,no,5,,"The good gods will mock me presently,",no
3,4,10,20,10,11,1,no,no,6,,"When I shall pray, 'O, bless my lord and husband !'",no
3,4,10,20,10,11,1,no,no,7,,"Undo that prayer, by crying out as loud,",no
3,4,10,20,10,11,1,no,no,8,,"'O, bless my brother!' Husband win, win brother,",no
3,4,10,20,10,11,1,no,no,9,,"Prays, and destroys the prayer; no midway",no
3,4,10,20,10,11,1,no,no,10,,'Twixt these extremes at all.,no
3,4,10,20,10,11,1,no,no,11,20,,no
3,4,20,30,10,11,1,no,no,1,,"Let your best love draw to that point, which seeks",no
3,4,20,30,10,11,1,no,no,2,,"Best to preserve it: if I lose mine honor,",no
3,4,20,30,10,11,1,no,no,3,,I lose myself: better I were not yours,no
3,4,20,30,10,11,1,no,no,4,,"Than yours so branchless. But, as you requested,",no
3,4,20,30,10,11,1,no,no,5,,"Yourself shall go between 's: the mean time, lady,",no
3,4,20,30,10,11,1,no,no,6,,I'll raise the preparation of a war,no
3,4,20,30,10,11,1,no,no,7,,Shall stain your brother: make your soonest haste;,no
3,4,20,30,10,11,1,no,no,8,,So your desires are yours.,no
3,4,20,30,10,11,1,no,no,9,,,no
3,4,20,30,10,11,1,no,no,10,,"The Jove of power make me most weak, most weak,",no
3,4,20,30,10,11,1,no,no,11,30,Your reconciler ! Wars 'twixt you twain would be,no
3,6,10,30,20,25,5,no,no,1,,Absolute queen.,no
3,6,10,30,20,25,5,no,no,2,,,no
3,6,10,30,20,25,5,no,no,3,,,no
3,6,10,30,20,25,5,no,no,4,,His sons he there proclaim'd the kings of kings:,no
3,6,10,30,20,25,5,no,no,5,,"Great Media, Parthia, and Armenia,",no
3,6,10,30,20,25,5,no,no,6,,He gave to Alexander; to Ptolemy he assign'd,no
3,6,10,30,20,25,5,no,no,7,,"Syria, Cilicia, and Phoenicia: she",no
3,6,10,30,20,25,5,no,no,8,,In the habiliments of the goddess Isis,no
3,6,10,30,20,25,5,no,no,9,,"That day appear'd; and oft before gave audience,",no
3,6,10,30,20,25,5,no,no,10,,"As 'tis reported, so.",no
3,6,10,30,20,25,5,no,no,11,,,no
3,6,10,30,20,25,5,no,no,12,,Inform'd.,no
3,6,10,30,20,25,5,no,no,13,,,no
3,6,10,30,20,25,5,no,no,14,,"Already,",no
3,6,10,30,20,25,5,no,no,15,,,no
3,6,10,30,20,25,5,no,no,16,,His accusations.,no
3,6,10,30,20,25,5,no,no,17,,,no
3,6,10,30,20,25,5,no,no,18,,,no
3,6,10,30,20,25,5,no,no,19,,"Sextus Pompeius spoil'd, we had not rated him",no
3,6,10,30,20,25,5,no,no,20,,"His part o' the isle: then does he say, he lent me",no
3,6,10,30,20,25,5,no,no,21,,"Some shipping unrestored: lastly, he frets",no
3,6,10,30,20,25,5,no,no,22,,That Lepidus of the triumvirate,no
3,6,10,30,20,25,5,no,no,23,,Should be deposed;,no
3,6,10,30,20,25,5,no,no,24,,All his revenue.,no
3,6,10,30,20,25,5,no,no,25,30,,no
3,6,30,40,10,11,1,no,no,1,,,no
3,6,30,40,10,11,1,no,no,2,,"I have told him, Lepidus was grown too cruel;",no
3,6,30,40,10,11,1,no,no,3,,"That he his high authority abused,",no
3,6,30,40,10,11,1,no,no,4,,"And did deserve his change: for what I have conquer'd,",no
3,6,30,40,10,11,1,no,no,5,,"I grant him part; but then, in his Armenia,",no
3,6,30,40,10,11,1,no,no,6,,"And other of his conquer'd kingdoms, I",no
3,6,30,40,10,11,1,no,no,7,,Demand the like.,no
3,6,30,40,10,11,1,no,no,8,,,no
3,6,30,40,10,11,1,no,no,9,,,no
3,6,30,40,10,11,1,no,no,10,,,no
3,6,30,40,10,11,1,no,no,11,40,,no
3,6,40,50,10,10,0,yes,no,,,,
3,6,50,60,10,12,2,no,no,1,,A market-maid to Rome; and have prevented,no
3,6,50,60,10,12,2,no,no,2,,"The ostentation of our love, which, left unshown,",no
3,6,50,60,10,12,2,no,no,3,,Is often left unloved; we should have met you,no
3,6,50,60,10,12,2,no,no,4,,By sea and land; supplying every stage,no
3,6,50,60,10,12,2,no,no,5,,With an augmented greeting.,no
3,6,50,60,10,12,2,no,no,6,,,no
3,6,50,60,10,12,2,no,no,7,,"To come thus was I not constrain'd, but did",no
3,6,50,60,10,12,2,no,no,8,,"On my free will. My lord, Mark Antony,",no
3,6,50,60,10,12,2,no,no,9,,"Hearing that you prepared for war, acquainted",no
3,6,50,60,10,12,2,no,no,10,,"My grieved ear withal; whereon, I begg'd",no
3,6,50,60,10,12,2,no,no,11,,His pardon for return.,no
3,6,50,60,10,12,2,no,no,12,60,,no
3,6,60,70,10,12,2,no,no,1,,Being an obstruct 'tween his lust and him.,no
3,6,60,70,10,12,2,no,no,2,,,no
3,6,60,70,10,12,2,no,no,3,,,no
3,6,60,70,10,12,2,no,no,4,,And his affairs come to me on the wind.,no
3,6,60,70,10,12,2,no,no,5,,Where is he now ?,no
3,6,60,70,10,12,2,no,no,6,,,no
3,6,60,70,10,12,2,no,no,7,,,no
3,6,60,70,10,12,2,no,no,8,,Hath nodded him to her. He hath given his empire,no
3,6,60,70,10,12,2,no,no,9,,Up to a whore; who now are levying,no
3,6,60,70,10,12,2,no,no,10,,The kings o' the earth for war; he hath assembled,no
3,6,60,70,10,12,2,no,no,11,,"Bocchus, the king of Libya; Archelaus",no
3,6,60,70,10,12,2,no,no,12,70,"Of Cappadocia; Philadelphos, king",no
3,6,70,80,10,12,2,no,no,1,,"Of Paphlagonia; the Thracian king, Adallas;",no
3,6,70,80,10,12,2,no,no,2,,King Malchus of Arabia; King of Pont;,no
3,6,70,80,10,12,2,no,no,3,,"Herod of Jewry; Mithridates, king",no
3,6,70,80,10,12,2,no,no,4,,"Of Comagene; Polemon and Amyntas,",no
3,6,70,80,10,12,2,no,no,5,,"The kings of Mede and Lycaonia,",no
3,6,70,80,10,12,2,no,no,6,,With a more larger list of sceptres.,no
3,6,70,80,10,12,2,no,no,7,,,no
3,6,70,80,10,12,2,no,no,8,,That have my heart parted betwixt two friends,no
3,6,70,80,10,12,2,no,no,9,,That do afflict each other!,no
3,6,70,80,10,12,2,no,no,10,,,no
3,6,70,80,10,12,2,no,no,11,,Your letters did withhold our breaking forth;,no
3,6,70,80,10,12,2,no,no,12,80,"Till we perceived, both how you were wrong led,",no
3,6,80,90,10,10,0,yes,no,,,,
3,7,10,20,10,12,2,no,no,1,,,no
3,7,10,20,10,12,2,no,no,2,,"Take from his heart, take from his brain, from's time,",no
3,7,10,20,10,12,2,no,no,3,,What should not then be spared. He is already,no
3,7,10,20,10,12,2,no,no,4,,Traduced for levity; and 'tis said in Rome,no
3,7,10,20,10,12,2,no,no,5,,That Photinus an eunuch and your maids,no
3,7,10,20,10,12,2,no,no,6,,Manage this war.,no
3,7,10,20,10,12,2,no,no,7,,,no
3,7,10,20,10,12,2,no,no,8,,"That speak against us! A charge we bear i' the war,",no
3,7,10,20,10,12,2,no,no,9,,"And, as the president of my kingdom, will",no
3,7,10,20,10,12,2,no,no,10,,Appear there for a man. Speak not against it,no
3,7,10,20,10,12,2,no,no,11,,I will not stay behind.,no
3,7,10,20,10,12,2,no,no,12,20,,no
3,7,20,30,10,14,4,no,no,1,,Here comes the emperor.,no
3,7,20,30,10,14,4,no,no,2,,,no
3,7,20,30,10,14,4,no,no,3,,That from Tarentum and Brundusium,no
3,7,20,30,10,14,4,no,no,4,,"He could so quickly cut the Ionian sea,",no
3,7,20,30,10,14,4,no,no,5,,"And take in Toryne? You have heard on't, sweet ?",no
3,7,20,30,10,14,4,no,no,6,,,no
3,7,20,30,10,14,4,no,no,7,,Than by the negligent.,no
3,7,20,30,10,14,4,no,no,8,,,no
3,7,20,30,10,14,4,no,no,9,,"Which might have well becomed the best of men,",no
3,7,20,30,10,14,4,no,no,10,,"To taunt at slackness. Canidius, we",no
3,7,20,30,10,14,4,no,no,11,,Will fight with him by sea.,no
3,7,20,30,10,14,4,no,no,12,,,no
3,7,20,30,10,14,4,no,no,13,,,no
3,7,20,30,10,14,4,no,no,14,30,,no
3,7,30,40,10,11,1,no,no,1,,,no
3,7,30,40,10,11,1,no,no,2,,,no
3,7,30,40,10,11,1,no,no,3,,"Where Cæsar fought with Pompey: but these offers,",no
3,7,30,40,10,11,1,no,no,4,,"Which serve not for his vantage, he shakes off;",no
3,7,30,40,10,11,1,no,no,5,,And so should you.,no
3,7,30,40,10,11,1,no,no,6,,,no
3,7,30,40,10,11,1,no,no,7,,"Your mariners are muleters, reapers, people",no
3,7,30,40,10,11,1,no,no,8,,Ingross'd by swift impress; in Cæsar's fleet,no
3,7,30,40,10,11,1,no,no,9,,Are those that often have 'gainst Pompey fought:,no
3,7,30,40,10,11,1,no,no,10,,"Their ships are yare; yours, heavy: no disgrace",no
3,7,30,40,10,11,1,no,no,11,40,"Shall fall you for refusing him at sea,",no
3,7,40,49,9,11,2,no,no,1,,Being prepared for land.,no
3,7,40,49,9,11,2,no,no,2,,,no
3,7,40,49,9,11,2,no,no,3,,,no
3,7,40,49,9,11,2,no,no,4,,The absolute soldiership you have by land;,no
3,7,40,49,9,11,2,no,no,5,,"Distract your army, which doth most consist",no
3,7,40,49,9,11,2,no,no,6,,Of war-mark'd footmen; leave unexecuted,no
3,7,40,49,9,11,2,no,no,7,,Your own renowned knowledge; quite forego,no
3,7,40,49,9,11,2,no,no,8,,The way which promises assurance; and,no
3,7,40,49,9,11,2,no,no,9,,"Give up yourself merely to chance and hazard,",no
3,7,40,49,9,11,2,no,no,10,,>From firm security.,no
3,7,40,49,9,11,2,no,no,11,49,,no
3,7,49,61,12,14,2,no,no,1,,,no
3,7,49,61,12,14,2,no,no,2,,,no
3,7,49,61,12,14,2,no,no,3,,"And, with the rest full-mann'd, from the head of Actium",no
3,7,49,61,12,14,2,no,no,4,,"Beat the approaching Cæsar. But if we fail,",no
3,7,49,61,12,14,2,no,no,5,,We then can do't at land.,no
3,7,49,61,12,14,2,no,no,6,,Thy business ?,no
3,7,49,61,12,14,2,no,no,7,,,no
3,7,49,61,12,14,2,no,no,8,,Cæsar has taken Toryne.,no
3,7,49,61,12,14,2,no,no,9,,,no
3,7,49,61,12,14,2,no,no,10,,"Strange that his power should be. Canidius,",no
3,7,49,61,12,14,2,no,no,11,,"Our nineteen legions thou shalt hold by land,",no
3,7,49,61,12,14,2,no,no,12,,And our twelve thousand horse. We'll to our ship:,no
3,7,49,61,12,14,2,no,no,13,,"Away, my Thetis!",no
3,7,49,61,12,14,2,no,no,14,61,"How now, worthy soldier!",no
3,7,61,70,9,10,1,no,no,1,,,no
3,7,61,70,9,10,1,no,no,2,,Trust not to rotten planks: do you misdoubt,no
3,7,61,70,9,10,1,no,no,3,,This sword and these my wounds ? Let the Egyptians,no
3,7,61,70,9,10,1,no,no,4,,And the Phoenicians go a-ducking; we,no
3,7,61,70,9,10,1,no,no,5,,"Have used to conquer, standing on the earth,",no
3,7,61,70,9,10,1,no,no,6,,And fighting foot to foot.,no
3,7,61,70,9,10,1,no,no,7,,,no
3,7,61,70,9,10,1,no,no,8,,,no
3,7,61,70,9,10,1,no,no,9,,,no
3,7,61,70,9,10,1,no,no,10,70,"Not in the power on't: so our leader's led,",no
3,7,70,80,10,14,4,no,no,1,,And we are women's men.,no
3,7,70,80,10,14,4,no,no,2,,,no
3,7,70,80,10,14,4,no,no,3,,The legions and the horse,no
3,7,70,80,10,14,4,no,no,4,,,no
3,7,70,80,10,14,4,no,no,5,,"Publicola, and Cælius, are for sea:",no
3,7,70,80,10,14,4,no,no,6,,But we keep whole by land. This speed of Cæsar's,no
3,7,70,80,10,14,4,no,no,7,,Carries beyond belief.,no
3,7,70,80,10,14,4,no,no,8,,,no
3,7,70,80,10,14,4,no,no,9,,His power went out in such distractions,no
3,7,70,80,10,14,4,no,no,10,,Beguiled all spies.,no
3,7,70,80,10,14,4,no,no,11,,,no
3,7,70,80,10,14,4,no,no,12,,,no
3,7,70,80,10,14,4,no,no,13,,,no
3,7,70,80,10,14,4,no,no,14,80,,no
3,10,10,20,10,11,1,no,no,1,,"Whom leprosy o'ertake !—i' the midst o' the fight,",no
3,10,10,20,10,11,1,no,no,2,,"When vantage like a pair of twins appear'd,",no
3,10,10,20,10,11,1,no,no,3,,"Both as the same, or rather ours the elder,",no
3,10,10,20,10,11,1,no,no,4,,"The breese upon her, like a cow in June,",no
3,10,10,20,10,11,1,no,no,5,,Hoists sails and flies.,no
3,10,10,20,10,11,1,no,no,6,,,no
3,10,10,20,10,11,1,no,no,7,,"Mine eyes did sicken at the sight, and could not",no
3,10,10,20,10,11,1,no,no,8,,Endure a further view.,no
3,10,10,20,10,11,1,no,no,9,,,no
3,10,10,20,10,11,1,no,no,10,,"The noble ruin of her magic, Antony,",no
3,10,10,20,10,11,1,no,no,11,20,"Claps on his sea-wing, and, like a doting mallard,",no
3,10,20,30,10,12,2,no,no,1,,"Leaving the fight in height, flies after her:",no
3,10,20,30,10,12,2,no,no,2,,I never saw an action of such shame;,no
3,10,20,30,10,12,2,no,no,3,,"Experience, manhood, honor, ne'er before",no
3,10,20,30,10,12,2,no,no,4,,Did violate so itself.,no
3,10,20,30,10,12,2,no,no,5,,,no
3,10,20,30,10,12,2,no,no,6,,,no
3,10,20,30,10,12,2,no,no,7,,And sinks most lamentably. Had our general,no
3,10,20,30,10,12,2,no,no,8,,"Been what he knew himself, it had gone well:",no
3,10,20,30,10,12,2,no,no,9,,"O, he has given example for our flight,",no
3,10,20,30,10,12,2,no,no,10,,"Most grossly, by his own!",no
3,10,20,30,10,12,2,no,no,11,,,no
3,10,20,30,10,12,2,no,no,12,30,"Why, then, good night",no
3,11,10,20,10,10,0,yes,no,,,,
3,11,20,30,10,10,0,yes,no,,,,
3,11,30,40,10,10,0,yes,no,,,,
3,11,40,50,10,11,1,no,no,1,,,no
3,11,40,50,10,11,1,no,no,2,,,no
3,11,40,50,10,11,1,no,no,3,,,no
3,11,40,50,10,11,1,no,no,4,,He is unqualitied with very shame.,no
3,11,40,50,10,11,1,no,no,5,,,no
3,11,40,50,10,11,1,no,no,6,,,no
3,11,40,50,10,11,1,no,no,7,,"Her head's declined, and death will seize her, but",no
3,11,40,50,10,11,1,no,no,8,,Your comfort makes the rescue.,no
3,11,40,50,10,11,1,no,no,9,,,no
3,11,40,50,10,11,1,no,no,10,,A most unnoble swerving.,no
3,11,40,50,10,11,1,no,no,11,50,,no
3,11,50,61,11,13,2,no,no,1,,,no
3,11,50,61,11,13,2,no,no,2,,How I convey my shame out of thine eyes,no
3,11,50,61,11,13,2,no,no,3,,By looking back what I have left behind,no
3,11,50,61,11,13,2,no,no,4,,'Stroy'd in dishonor.,no
3,11,50,61,11,13,2,no,no,5,,,no
3,11,50,61,11,13,2,no,no,6,,Forgive my fearful sails! I little thought,no
3,11,50,61,11,13,2,no,no,7,,You would have follow'd.,no
3,11,50,61,11,13,2,no,no,8,,,no
3,11,50,61,11,13,2,no,no,9,,"My heart was to thy rudder tied by the strings,",no
3,11,50,61,11,13,2,no,no,10,,And thou shouldst tow me after: o'er my spirit,no
3,11,50,61,11,13,2,no,no,11,,"Thy full supremacy thou knew'st, and that",no
3,11,50,61,11,13,2,no,no,12,,Thy beck might from the bidding of the gods,no
3,11,50,61,11,13,2,no,no,13,61,Command me.,no
3,11,61,70,9,12,3,no,no,1,,,no
3,11,61,70,9,12,3,no,no,2,,,no
3,11,61,70,9,12,3,no,no,3,,"To the young man send humble treaties, dodge",no
3,11,61,70,9,12,3,no,no,4,,And palter in the shifts of lowness; who,no
3,11,61,70,9,12,3,no,no,5,,"With half the bulk o' the world play'd as I pleased,",no
3,11,61,70,9,12,3,no,no,6,,Making and marring fortunes. You did know,no
3,11,61,70,9,12,3,no,no,7,,How much you were my conqueror; and that,no
3,11,61,70,9,12,3,no,no,8,,"My sword, made weak by my affection, would",no
3,11,61,70,9,12,3,no,no,9,,Obey it on all cause.,no
3,11,61,70,9,12,3,no,no,10,,,no
3,11,61,70,9,12,3,no,no,11,,,no
3,11,61,70,9,12,3,no,no,12,70,All that is won and lost: give me a kiss;,no
3,12,10,20,10,11,1,no,no,1,,,no
3,12,10,20,10,11,1,no,no,2,,"Requires to live in Egypt: which not granted,",no
3,12,10,20,10,11,1,no,no,3,,He lessens his requests; and to thee sues,no
3,12,10,20,10,11,1,no,no,4,,"To let him breathe between the heavens and earth,",no
3,12,10,20,10,11,1,no,no,5,,A private man in Athens: this for him.,no
3,12,10,20,10,11,1,no,no,6,,"Next, Cleopatra does confess thy greatness;",no
3,12,10,20,10,11,1,no,no,7,,Submits her to thy might; and of thee craves,no
3,12,10,20,10,11,1,no,no,8,,"The circle of the Ptolemies for her heirs,",no
3,12,10,20,10,11,1,no,no,9,,Now hazarded to thy grace.,no
3,12,10,20,10,11,1,no,no,10,,,no
3,12,10,20,10,11,1,no,no,11,20,I have no ears to his request. The queen,no
3,12,20,30,10,11,1,no,no,1,,"Of audience nor desire shall fail, so she",no
3,12,20,30,10,11,1,no,no,2,,"From Egypt drive her all-disgraced friend,",no
3,12,20,30,10,11,1,no,no,3,,"Or take his life there: this if she perform,",no
3,12,20,30,10,11,1,no,no,4,,She shall not sue unheard. So to them both.,no
3,12,20,30,10,11,1,no,no,5,,,no
3,12,20,30,10,11,1,no,no,6,,,no
3,12,20,30,10,11,1,no,no,7,,"To try thy eloquence, now 'tis time: dispatch;",no
3,12,20,30,10,11,1,no,no,8,,"From Antony win Cleopatra: promise,",no
3,12,20,30,10,11,1,no,no,9,,"And in our name, what she requires; add more,",no
3,12,20,30,10,11,1,no,no,10,,">From thine invention, offers: women are not",no
3,12,20,30,10,11,1,no,no,11,30,In their best fortunes strong; but want will perjure,no
3,13,20,30,10,10,0,yes,no,,,,
3,13,30,39,9,10,1,no,no,1,,Against a sworder! I see men's judgments are,no
3,13,30,39,9,10,1,no,no,2,,A parcel of their fortunes; and things outward,no
3,13,30,39,9,10,1,no,no,3,,"Do draw the inward quality after them,",no
3,13,30,39,9,10,1,no,no,4,,"To suffer all alike. That he should dream,",no
3,13,30,39,9,10,1,no,no,5,,"Knowing all measures, the full Cæsar will",no
3,13,30,39,9,10,1,no,no,6,,"Answer his emptiness ! Cæsar, thou hast subdued",no
3,13,30,39,9,10,1,no,no,7,,His judgment too.,no
3,13,30,39,9,10,1,no,no,8,,,no
3,13,30,39,9,10,1,no,no,9,,,no
3,13,30,39,9,10,1,no,no,10,39,Against the blown rose may they stop their nose,no
3,13,39,49,10,12,2,no,no,1,,"That kneel'd unto the buds. Admit him, sir.",no
3,13,39,49,10,12,2,no,no,2,,,no
3,13,39,49,10,12,2,no,no,3,,The loyalty well held to fools does make,no
3,13,39,49,10,12,2,no,no,4,,Our faith mere folly: yet he that can endure,no
3,13,39,49,10,12,2,no,no,5,,To follow with allegiance a fall'n lord,no
3,13,39,49,10,12,2,no,no,6,,Does conquer him that did his master conquer,no
3,13,39,49,10,12,2,no,no,7,,And earns a place i' the story.,no
3,13,39,49,10,12,2,no,no,8,,,no
3,13,39,49,10,12,2,no,no,9,,,no
3,13,39,49,10,12,2,no,no,10,,,no
3,13,39,49,10,12,2,no,no,11,,,no
3,13,39,49,10,12,2,no,no,12,49,,no
3,13,49,60,11,15,4,no,no,1,,"Or needs not us. If Cæsar please, our master",no
3,13,49,60,11,15,4,no,no,2,,"Will leap to be his friend: for us, you know,",no
3,13,49,60,11,15,4,no,no,3,,"Whose he is we are, and that is, Cæsar's.",no
3,13,49,60,11,15,4,no,no,4,,,no
3,13,49,60,11,15,4,no,no,5,,"Thus then, thou most renown'd: Cæsar entreats,",no
3,13,49,60,11,15,4,no,no,6,,"Not to consider in what case thou stand'st,",no
3,13,49,60,11,15,4,no,no,7,,Further than he is Cæsar.,no
3,13,49,60,11,15,4,no,no,8,,,no
3,13,49,60,11,15,4,no,no,9,,,no
3,13,49,60,11,15,4,no,no,10,,"As you did love, but as you fear'd him.",no
3,13,49,60,11,15,4,no,no,11,,,no
3,13,49,60,11,15,4,no,no,12,,,no
3,13,49,60,11,15,4,no,no,13,,"Does pity, as constrained blemishes,",no
3,13,49,60,11,15,4,no,no,14,,Not as deserved.,no
3,13,49,60,11,15,4,no,no,15,60,,no
3,13,60,70,10,12,2,no,no,1,,What is most right: mine honor,no
3,13,60,70,10,12,2,no,no,2,,But conquer'd merely.,no
3,13,60,70,10,12,2,no,no,3,,,no
3,13,60,70,10,12,2,no,no,4,,I will ask Antony.,no
3,13,60,70,10,12,2,no,no,5,,"That we must leave thee to thy sinking, for",no
3,13,60,70,10,12,2,no,no,6,,Thy dearest quit thee.,no
3,13,60,70,10,12,2,no,no,7,,,no
3,13,60,70,10,12,2,no,no,8,,What you require of him ? for he partly begs,no
3,13,60,70,10,12,2,no,no,9,,"To be desired to give. It much would please him,",no
3,13,60,70,10,12,2,no,no,10,,That of his fortunes you should make a staff,no
3,13,60,70,10,12,2,no,no,11,,"To lean upon: but it would warm his spirits,",no
3,13,60,70,10,12,2,no,no,12,70,"To hear from me you had left Antony,",no
3,13,70,80,10,13,3,no,no,1,,"And put yourself under his shrowd,",no
3,13,70,80,10,13,3,no,no,2,,The universal landlord.,no
3,13,70,80,10,13,3,no,no,3,,,no
3,13,70,80,10,13,3,no,no,4,,,no
3,13,70,80,10,13,3,no,no,5,,,no
3,13,70,80,10,13,3,no,no,6,,Say to great Cæsar this: in deputation,no
3,13,70,80,10,13,3,no,no,7,,"I kiss his conquering hand: tell him, I am prompt",no
3,13,70,80,10,13,3,no,no,8,,"To lay my crown at 's feet, and there to kneel:",no
3,13,70,80,10,13,3,no,no,9,,"Tell him, from his all-obeying breath I hear",no
3,13,70,80,10,13,3,no,no,10,,The doom of Egypt.,no
3,13,70,80,10,13,3,no,no,11,,,no
3,13,70,80,10,13,3,no,no,12,,"Wisdom and fortune combating together,",no
3,13,70,80,10,13,3,no,no,13,80,"If that the former dare but what it can,",no
3,13,80,90,10,14,4,no,no,1,,No chance may shake it. Give me grace to lay,no
3,13,80,90,10,14,4,no,no,2,,My duty on your hand.,no
3,13,80,90,10,14,4,no,no,3,,,no
3,13,80,90,10,14,4,no,no,4,,"When he hath mused of taking kingdoms in,",no
3,13,80,90,10,14,4,no,no,5,,"Bestow'd his lips on that unworthy place,",no
3,13,80,90,10,14,4,no,no,6,,As it rain'd kisses.,no
3,13,80,90,10,14,4,no,no,7,,,no
3,13,80,90,10,14,4,no,no,8,,"What art thou, fellow?",no
3,13,80,90,10,14,4,no,no,9,,,no
3,13,80,90,10,14,4,no,no,10,,"The bidding of the fullest man, and worthiest",no
3,13,80,90,10,14,4,no,no,11,,To have command obey'd.,no
3,13,80,90,10,14,4,no,no,12,,,no
3,13,80,90,10,14,4,no,no,13,,,no
3,13,80,90,10,14,4,no,no,14,90,"Authority melts from me: of late, when I cried 'Ho !'",no
3,13,90,110,20,24,4,no,no,1,,"Like boys unto a muss, kings would start forth,",no
3,13,90,110,20,24,4,no,no,2,,And cry 'Your will ?' Have you no ears ?,no
3,13,90,110,20,24,4,no,no,3,,Antony yet.,no
3,13,90,110,20,24,4,no,no,4,,"Take hence this Jack, and whip him.",no
3,13,90,110,20,24,4,no,no,5,,,no
3,13,90,110,20,24,4,no,no,6,,Than with an old one dying.,no
3,13,90,110,20,24,4,no,no,7,,,no
3,13,90,110,20,24,4,no,no,8,,Whip him. Were't twenty of the greatest tributaries,no
3,13,90,110,20,24,4,no,no,9,,"That do acknowledge Cæsar, should I find them",no
3,13,90,110,20,24,4,no,no,10,,"So saucy with the hand of she here,—what's her name,",no
3,13,90,110,20,24,4,no,no,11,,"Since she was Cleopatra ? Whip him, fellows,",no
3,13,90,110,20,24,4,no,no,12,,"Till, like a boy, you see him cringe his face,",no
3,13,90,110,20,24,4,no,no,13,,And whine aloud for mercy: take him hence.,no
3,13,90,110,20,24,4,no,no,14,,,no
3,13,90,110,20,24,4,no,no,15,,,no
3,13,90,110,20,24,4,no,no,16,,Bring him again: this Jack of Cæsar's shall,no
3,13,90,110,20,24,4,no,no,17,,Bear us an errand to him.,no
3,13,90,110,20,24,4,no,no,18,,You were half blasted ere I knew you: ha!,no
3,13,90,110,20,24,4,no,no,19,,"Have I my pillow left unpress'd in Rome,",no
3,13,90,110,20,24,4,no,no,20,,"Forborne the getting of a lawful race,",no
3,13,90,110,20,24,4,no,no,21,,"And by a gem of women, to be abused",no
3,13,90,110,20,24,4,no,no,22,,By one that looks on feeders ?,no
3,13,90,110,20,24,4,no,no,23,,,no
3,13,90,110,20,24,4,no,no,24,110,,no
3,13,110,120,10,11,1,no,no,1,,But when we in our viciousness grow hard—,no
3,13,110,120,10,11,1,no,no,2,,O misery on't !—the wise gods seel our eyes;,no
3,13,110,120,10,11,1,no,no,3,,In our own filth drop our clear judgments; make us,no
3,13,110,120,10,11,1,no,no,4,,"Adore our errors; laugh at's, while we strut",no
3,13,110,120,10,11,1,no,no,5,,To our confusion.,no
3,13,110,120,10,11,1,no,no,6,,,no
3,13,110,120,10,11,1,no,no,7,,,no
3,13,110,120,10,11,1,no,no,8,,"Dead Cæsar's trencher; nay, you were a fragment",no
3,13,110,120,10,11,1,no,no,9,,Of Cneius Pompey's; besides what hotter hours.,no
3,13,110,120,10,11,1,no,no,10,,"Unregister'd in vulgar fame, you have",no
3,13,110,120,10,11,1,no,no,11,120,"Luxuriously pick'd out: for, I am sure,",no
3,13,120,131,11,13,2,no,no,1,,"Though you can guess what temperance should be,",no
3,13,120,131,11,13,2,no,no,2,,You know not what it is.,no
3,13,120,131,11,13,2,no,no,3,,,no
3,13,120,131,11,13,2,no,no,4,,,no
3,13,120,131,11,13,2,no,no,5,,And say 'God quit you!' be familiar with,no
3,13,120,131,11,13,2,no,no,6,,"My playfellow, your hand; this kingly seal",no
3,13,120,131,11,13,2,no,no,7,,"And plighter of high hearts! O, that I were",no
3,13,120,131,11,13,2,no,no,8,,"Upon the hill of Basan, to outroar",no
3,13,120,131,11,13,2,no,no,9,,The horned herd! for I have savage cause;,no
3,13,120,131,11,13,2,no,no,10,,"And to proclaim it civilly, were like",no
3,13,120,131,11,13,2,no,no,11,,A halter'd neck which does the hangman thank,no
3,13,120,131,11,13,2,no,no,12,,For being yare about him.,no
3,13,120,131,11,13,2,no,no,13,131,Is he whipp'd ?,no
3,13,131,139,8,9,1,no,no,1,,,no
3,13,131,139,8,9,1,no,no,2,,,no
3,13,131,139,8,9,1,no,no,3,,,no
3,13,131,139,8,9,1,no,no,4,,,no
3,13,131,139,8,9,1,no,no,5,,Thou wast not made his daughter; and be thou sorry,no
3,13,131,139,8,9,1,no,no,6,,"To follow Cæsar in his triumph, since",no
3,13,131,139,8,9,1,no,no,7,,Thou hast been whipp'd for following him: henceforth,no
3,13,131,139,8,9,1,no,no,8,,"The white hand of a lady fever thee,",no
3,13,131,139,8,9,1,no,no,9,139,"Shake thou to look on 't. Get thee back to Cæsar,",no
3,13,139,160,21,25,4,no,no,1,,"Tell him thy entertainment: look, thou say",no
3,13,139,160,21,25,4,no,no,2,,He makes me angry with him; for he seems,no
3,13,139,160,21,25,4,no,no,3,,"Proud and disdainful, harping on what I am,",no
3,13,139,160,21,25,4,no,no,4,,Not what he knew I was: he makes me angry;,no
3,13,139,160,21,25,4,no,no,5,,"And at this time most easy 'tis to do't,",no
3,13,139,160,21,25,4,no,no,6,,"When my good stars, that were my former guides,",no
3,13,139,160,21,25,4,no,no,7,,"Have empty left their orbs, and shot their fires",no
3,13,139,160,21,25,4,no,no,8,,Into the abysm of hell. If he mislike,no
3,13,139,160,21,25,4,no,no,9,,"My speech and what is done, tell him he has",no
3,13,139,160,21,25,4,no,no,10,,"Hipparchus, my enfranched bondman, whom",no
3,13,139,160,21,25,4,no,no,11,,"He may at pleasure whip, or hang, or torture,",no
3,13,139,160,21,25,4,no,no,12,,"As he shall like, to quit me: urge it thou:",no
3,13,139,160,21,25,4,no,no,13,,"Hence with thy stripes, begone!",no
3,13,139,160,21,25,4,no,no,14,,,no
3,13,139,160,21,25,4,no,no,15,,,no
3,13,139,160,21,25,4,no,no,16,,Is now eclipsed;,no
3,13,139,160,21,25,4,no,no,17,,The fall of Antony!,no
3,13,139,160,21,25,4,no,no,18,,,no
3,13,139,160,21,25,4,no,no,19,,,no
3,13,139,160,21,25,4,no,no,20,,With one that ties his points ?,no
3,13,139,160,21,25,4,no,no,21,,,no
3,13,139,160,21,25,4,no,no,22,,,no
3,13,139,160,21,25,4,no,no,23,,,no
3,13,139,160,21,25,4,no,no,24,,">From my cold heart let heaven engender hail,",no
3,13,139,160,21,25,4,no,no,25,160,And poison it in the source; and the first stone,no
3,13,160,170,10,11,1,no,no,1,,"Drop in my neck: as it determines, so",no
3,13,160,170,10,11,1,no,no,2,,Dissolve my life! The next Cæsarion smite!,no
3,13,160,170,10,11,1,no,no,3,,"Till by degrees the memory of my womb,",no
3,13,160,170,10,11,1,no,no,4,,"Together with my brave Egyptians all,",no
3,13,160,170,10,11,1,no,no,5,,"By the discandying of this pelleted storm,",no
3,13,160,170,10,11,1,no,no,6,,"Lie graveless, till the flies and gnats of Nile",no
3,13,160,170,10,11,1,no,no,7,,Have buried them for prey!,no
3,13,160,170,10,11,1,no,no,8,,,no
3,13,160,170,10,11,1,no,no,9,,Cæsar sits down in Alexandria; where,no
3,13,160,170,10,11,1,no,no,10,,I will oppose his fate. Our force by land,no
3,13,160,170,10,11,1,no,no,11,170,Hath nobly held; our sever'd navy too,no
3,13,170,190,20,21,1,no,no,1,,"Have knit again, and fleet, threatening most sea-like.",no
3,13,170,190,20,21,1,no,no,2,,"Where hast thou been, my heart ? Dost thou hear, lady ?",no
3,13,170,190,20,21,1,no,no,3,,If from the field I shall return once more,no
3,13,170,190,20,21,1,no,no,4,,"To kiss these lips, I will appear in blood;",no
3,13,170,190,20,21,1,no,no,5,,I and my sword will earn our chronicle:,no
3,13,170,190,20,21,1,no,no,6,,There's hope in't yet.,no
3,13,170,190,20,21,1,no,no,7,,,no
3,13,170,190,20,21,1,no,no,8,,,no
3,13,170,190,20,21,1,no,no,9,,And fight maliciously: for when mine hours,no
3,13,170,190,20,21,1,no,no,10,,"Were nice and lucky, men did ransom lives",no
3,13,170,190,20,21,1,no,no,11,,"Of me for jests; but now I'll set my teeth,",no
3,13,170,190,20,21,1,no,no,12,,"And send to darkness all that stop me. Come,",no
3,13,170,190,20,21,1,no,no,13,,Let's have one other gaudy night: call to me,no
3,13,170,190,20,21,1,no,no,14,,All my sad captains; fill our bowls once more;,no
3,13,170,190,20,21,1,no,no,15,,Let's mock the midnight bell.,no
3,13,170,190,20,21,1,no,no,16,,,no
3,13,170,190,20,21,1,no,no,17,,"I had thought to have held it poor: but, since my lord",no
3,13,170,190,20,21,1,no,no,18,,"Is Antony again, I will be Cleopatra.",no
3,13,170,190,20,21,1,no,no,19,,,no
3,13,170,190,20,21,1,no,no,20,,,no
3,13,170,190,20,21,1,no,no,21,190,,no
3,13,190,200,10,10,0,yes,no,,,,
4,2,10,20,10,13,3,no,no,1,,Thou hast been rightly honest;—so hast thou ;—,no
4,2,10,20,10,13,3,no,no,2,,"Thou,—and thou,—and thou :—you have served me well,",no
4,2,10,20,10,13,3,no,no,3,,And kings have been your fellows.,no
4,2,10,20,10,13,3,no,no,4,,,no
4,2,10,20,10,13,3,no,no,5,,,no
4,2,10,20,10,13,3,no,no,6,,Out of the mind.,no
4,2,10,20,10,13,3,no,no,7,,,no
4,2,10,20,10,13,3,no,no,8,,"I wish I could be made so many men,",no
4,2,10,20,10,13,3,no,no,9,,And all of you clapp'd up together in,no
4,2,10,20,10,13,3,no,no,10,,"An Antony, that I might do you service",no
4,2,10,20,10,13,3,no,no,11,,So good as you have done.,no
4,2,10,20,10,13,3,no,no,12,,,no
4,2,10,20,10,13,3,no,no,13,20,,no
4,2,20,30,10,12,2,no,no,1,,Scant not my cups; and make as much of me,no
4,2,20,30,10,12,2,no,no,2,,"As when mine empire was your fellow too,",no
4,2,20,30,10,12,2,no,no,3,,And suffer'd my command.,no
4,2,20,30,10,12,2,no,no,4,,,no
4,2,20,30,10,12,2,no,no,5,,,no
4,2,20,30,10,12,2,no,no,6,,,no
4,2,20,30,10,12,2,no,no,7,,May be it is the period of your duty:,no
4,2,20,30,10,12,2,no,no,8,,"Haply you shall not see me more; or if,",no
4,2,20,30,10,12,2,no,no,9,,A mangled shadow: perchance to-morrow,no
4,2,20,30,10,12,2,no,no,10,,You'll serve another master. I look on you,no
4,2,20,30,10,12,2,no,no,11,,"As one that takes his leave. Mine honest friends,",no
4,2,20,30,10,12,2,no,no,12,30,"I turn you not away; but, like a master",no
4,2,30,40,10,12,2,no,no,1,,"Married to your good service, stay till death:",no
4,2,30,40,10,12,2,no,no,2,,"Tend me to-night two hours, I ask no more,",no
4,2,30,40,10,12,2,no,no,3,,And the gods yield you for't !,no
4,2,30,40,10,12,2,no,no,4,,,no
4,2,30,40,10,12,2,no,no,5,,"To give them this discomfort? Look, they weep;",no
4,2,30,40,10,12,2,no,no,6,,"And I, an ass, am onion-eyed: for shame,",no
4,2,30,40,10,12,2,no,no,7,,Transform us not to women.,no
4,2,30,40,10,12,2,no,no,8,,,no
4,2,30,40,10,12,2,no,no,9,,"Now the witch take me, if I meant it thus!",no
4,2,30,40,10,12,2,no,no,10,,"Grace grow where those drops fall ! My hearty friends,",no
4,2,30,40,10,12,2,no,no,11,,You take me in too dolorous a sense;,no
4,2,30,40,10,12,2,no,no,12,40,For I spake to you for your comfort; did desire you,no
4,3,10,20,10,20,10,no,no,1,,Our landmen will stand up.,no
4,3,10,20,10,20,10,no,no,2,,,no
4,3,10,20,10,20,10,no,no,3,,And full of purpose.,no
4,3,10,20,10,20,10,no,no,4,,,no
4,3,10,20,10,20,10,no,no,5,,,no
4,3,10,20,10,20,10,no,no,6,,,no
4,3,10,20,10,20,10,no,no,7,,,no
4,3,10,20,10,20,10,no,no,8,,,no
4,3,10,20,10,20,10,no,no,9,,,no
4,3,10,20,10,20,10,no,no,10,,,no
4,3,10,20,10,20,10,no,no,11,,,no
4,3,10,20,10,20,10,no,no,12,,What should this mean ?,no
4,3,10,20,10,20,10,no,no,13,,,no
4,3,10,20,10,20,10,no,no,14,,Now leaves him.,no
4,3,10,20,10,20,10,no,no,15,,,no
4,3,10,20,10,20,10,no,no,16,,Do hear what we do?,no
4,3,10,20,10,20,10,no,no,17,,,no
4,3,10,20,10,20,10,no,no,18,,,no
4,3,10,20,10,20,10,no,no,19,,How now! do you hear this ?,no
4,3,10,20,10,20,10,no,no,20,20,,no
4,4,10,20,10,12,2,no,no,1,,,no
4,4,10,20,10,12,2,no,no,2,,,no
4,4,10,20,10,12,2,no,no,3,,"He that unbuckles this, till we do please",no
4,4,10,20,10,12,2,no,no,4,,"To daff't for our repose, shall hear a storm.",no
4,4,10,20,10,12,2,no,no,5,,"Thou fumblest, Eros; and my queen's a squire",no
4,4,10,20,10,12,2,no,no,6,,"More tight at this than thou: dispatch. O love,",no
4,4,10,20,10,12,2,no,no,7,,"That thou couldst see my wars to-day, and knew'st",no
4,4,10,20,10,12,2,no,no,8,,The royal occupation! thou shouldst see,no
4,4,10,20,10,12,2,no,no,9,,A workman in't.,no
4,4,10,20,10,12,2,no,no,10,,Good morrow to thee; welcome:,no
4,4,10,20,10,12,2,no,no,11,,Thou look'st like him that knows a warlike charge:,no
4,4,10,20,10,12,2,no,no,12,20,"To business that we love we rise betime,",no
4,4,20,30,10,12,2,no,no,1,,And go to't with delight.,no
4,4,20,30,10,12,2,no,no,2,,,no
4,4,20,30,10,12,2,no,no,3,,"Early though't be, have on their",no
4,4,20,30,10,12,2,no,no,4,,And at the port expect you.,no
4,4,20,30,10,12,2,no,no,5,,,no
4,4,20,30,10,12,2,no,no,6,,,no
4,4,20,30,10,12,2,no,no,7,,,no
4,4,20,30,10,12,2,no,no,8,,"This morning, like the spirit of a youth",no
4,4,20,30,10,12,2,no,no,9,,"That means to be of note, begins betimes.",no
4,4,20,30,10,12,2,no,no,10,,"So, so; come, give me that: this way; well said.",no
4,4,20,30,10,12,2,no,no,11,,"Fare thee well, dame, whate'er becomes of me:",no
4,4,20,30,10,12,2,no,no,12,30,This is a soldier's kiss: rebukeable,no
4,6,10,20,10,11,1,no,no,1,,Upon himself.,no
4,6,10,20,10,11,1,no,no,2,,,no
4,6,10,20,10,11,1,no,no,3,,Affairs of Antony; there did persuade,no
4,6,10,20,10,11,1,no,no,4,,"Great Herod to incline himself to Cæsar,",no
4,6,10,20,10,11,1,no,no,5,,And leave his master Antony: for this pains,no
4,6,10,20,10,11,1,no,no,6,,Cæsar hath hang'd him. Canidius and the rest,no
4,6,10,20,10,11,1,no,no,7,,"That fell away have entertainment, but",no
4,6,10,20,10,11,1,no,no,8,,No honorable trust. I have done ill;,no
4,6,10,20,10,11,1,no,no,9,,"Of which I do accuse myself so sorely,",no
4,6,10,20,10,11,1,no,no,10,,That I will joy no more.,no
4,6,10,20,10,11,1,no,no,11,20,,no
4,6,20,30,10,11,1,no,no,1,,"Hath after thee sent all thy treasure, with",no
4,6,20,30,10,11,1,no,no,2,,His bounty overplus: the messenger,no
4,6,20,30,10,11,1,no,no,3,,Came on my guard; and at thy tent is now,no
4,6,20,30,10,11,1,no,no,4,,Unloading of his mules.,no
4,6,20,30,10,11,1,no,no,5,,,no
4,6,20,30,10,11,1,no,no,6,,,no
4,6,20,30,10,11,1,no,no,7,,I tell you true: best you safed the bringer,no
4,6,20,30,10,11,1,no,no,8,,"Out of the host; I must attend mine office,",no
4,6,20,30,10,11,1,no,no,9,,Or would have done't myself. Your emperor,no
4,6,20,30,10,11,1,no,no,10,,Continues still a Jove.,no
4,6,20,30,10,11,1,no,no,11,30,,no
4,8,10,20,10,12,2,no,no,1,,The honor'd gashes whole.,no
4,8,10,20,10,12,2,no,no,2,,"To this great fairy I'll commend thy acts,",no
4,8,10,20,10,12,2,no,no,3,,Make her thanks bless thee.,no
4,8,10,20,10,12,2,no,no,4,,"Chain mine arm'd neck; leap thou, attire and all,",no
4,8,10,20,10,12,2,no,no,5,,"Through proof of harness to my heart, and there",no
4,8,10,20,10,12,2,no,no,6,,Ride on the pants triumphing!,no
4,8,10,20,10,12,2,no,no,7,,,no
4,8,10,20,10,12,2,no,no,8,,"O infinite virtue, comest thou smiling from",no
4,8,10,20,10,12,2,no,no,9,,The world's great snare uncaught ?,no
4,8,10,20,10,12,2,no,no,10,,,no
4,8,10,20,10,12,2,no,no,11,,"We have beat them to their beds. What, girl! though grey",no
4,8,10,20,10,12,2,no,no,12,20,"Do something mingle with our younger brown, yet ha' we",no
4,8,20,30,10,11,1,no,no,1,,"A brain that nourishes our nerves, and can",no
4,8,20,30,10,11,1,no,no,2,,Get goal for goal of youth. Behold this man;,no
4,8,20,30,10,11,1,no,no,3,,Commend unto his lips thy favoring hand:,no
4,8,20,30,10,11,1,no,no,4,,"Kiss it, my warrior: he hath fought to-day",no
4,8,20,30,10,11,1,no,no,5,,"As if a god, in hate of mankind, had",no
4,8,20,30,10,11,1,no,no,6,,Destroy'd in such a shape.,no
4,8,20,30,10,11,1,no,no,7,,,no
4,8,20,30,10,11,1,no,no,8,,An armor all of gold; it was a king's.,no
4,8,20,30,10,11,1,no,no,9,,,no
4,8,20,30,10,11,1,no,no,10,,Like holy Phoebus' car. Give me thy hand:,no
4,8,20,30,10,11,1,no,no,11,30,Through Alexandria make a jolly march;,no
4,8,30,39,9,9,0,yes,no,,,,
4,9,10,20,10,10,0,yes,no,,,,
4,9,20,31,11,15,4,no,no,1,,But let the world rank me in register,no
4,9,20,31,11,15,4,no,no,2,,A master-leaver and a fugitive:,no
4,9,20,31,11,15,4,no,no,3,,O Antony ! O Antony!,no
4,9,20,31,11,15,4,no,no,4,,,no
4,9,20,31,11,15,4,no,no,5,,To him.,no
4,9,20,31,11,15,4,no,no,6,,,no
4,9,20,31,11,15,4,no,no,7,,May concern Cæsar.,no
4,9,20,31,11,15,4,no,no,8,,,no
4,9,20,31,11,15,4,no,no,9,,,no
4,9,20,31,11,15,4,no,no,10,,Was never yet for sleep.,no
4,9,20,31,11,15,4,no,no,11,,,no
4,9,20,31,11,15,4,no,no,12,,,no
4,9,20,31,11,15,4,no,no,13,,,no
4,9,20,31,11,15,4,no,no,14,,,no
4,9,20,31,11,15,4,no,no,15,31,Demurely wake the sleepers.,no
4,12,10,20,10,10,0,yes,no,,,,
4,12,20,30,10,11,1,no,no,1,,"That spaniel'd me at heels, to whom I gave",no
4,12,20,30,10,11,1,no,no,2,,"Their wishes, do discandy, melt their sweets",no
4,12,20,30,10,11,1,no,no,3,,"On blossoming Cæsar; and this pine is bark'd,",no
4,12,20,30,10,11,1,no,no,4,,That overtopp'd them all. Betray'd I am:,no
4,12,20,30,10,11,1,no,no,5,,"O this false soul of Egypt! this grave charm,—",no
4,12,20,30,10,11,1,no,no,6,,"Whose eye beck'd forth my wars, and call'd them home;",no
4,12,20,30,10,11,1,no,no,7,,"Whose bosom was my crownet, my chief end,—",no
4,12,20,30,10,11,1,no,no,8,,"Like a right gipsy, hath, at fast and loose,",no
4,12,20,30,10,11,1,no,no,9,,Beguiled me to the very heart of loss.,no
4,12,20,30,10,11,1,no,no,10,,"What, Eros, Eros!",no
4,12,20,30,10,11,1,no,no,11,30,"Ah, thou spell! Avaunt!",no
4,12,30,40,10,11,1,no,no,1,,,no
4,12,30,40,10,11,1,no,no,2,,,no
4,12,30,40,10,11,1,no,no,3,,And blemish Cæsar's triumph. Let him take thee.,no
4,12,30,40,10,11,1,no,no,4,,And hoist thee up to the shouting plebeians:,no
4,12,30,40,10,11,1,no,no,5,,"Follow his chariot, like the greatest spot",no
4,12,30,40,10,11,1,no,no,6,,"Of all thy sex; most monster-like, be shown",no
4,12,30,40,10,11,1,no,no,7,,"For poor'st diminutives, for doits; and let",no
4,12,30,40,10,11,1,no,no,8,,Patient Octavia plough thy visage up,no
4,12,30,40,10,11,1,no,no,9,,With her prepared nails.,no
4,12,30,40,10,11,1,no,no,10,,"'Tis well thou'rt gone,",no
4,12,30,40,10,11,1,no,no,11,40,If it be well to live; but better 'twere,no
4,14,10,20,10,11,1,no,no,1,,As water is in water.,no
4,14,10,20,10,11,1,no,no,2,,,no
4,14,10,20,10,11,1,no,no,3,,,no
4,14,10,20,10,11,1,no,no,4,,Even such a body: here I am Antony:,no
4,14,10,20,10,11,1,no,no,5,,"Yet cannot hold this visible shape, my knave.",no
4,14,10,20,10,11,1,no,no,6,,"I made these wars for Egypt: and the queen,—",no
4,14,10,20,10,11,1,no,no,7,,"Whose heart I thought I had, for she had mine;",no
4,14,10,20,10,11,1,no,no,8,,Which whilst it was mine had annex'd unto't,no
4,14,10,20,10,11,1,no,no,9,,"A million more, now lost,—she, Eros, has",no
4,14,10,20,10,11,1,no,no,10,,"Pack'd cards with Cæsar, and false-play'd my glory",no
4,14,10,20,10,11,1,no,no,11,20,Unto an enemy's triumph.,no
4,14,20,30,10,13,3,no,no,1,,"Nay, weep not, gentle Eros; there is left us",no
4,14,20,30,10,13,3,no,no,2,,Ourselves to end ourselves.,no
4,14,20,30,10,13,3,no,no,3,,"O, thy vile lady!",no
4,14,20,30,10,13,3,no,no,4,,She has robb'd me of my sword.,no
4,14,20,30,10,13,3,no,no,5,,,no
4,14,20,30,10,13,3,no,no,6,,"My mistress loved thee, and her fortunes mingled",no
4,14,20,30,10,13,3,no,no,7,,With thine entirely.,no
4,14,20,30,10,13,3,no,no,8,,,no
4,14,20,30,10,13,3,no,no,9,,She hath betray'd me and shall die the death.,no
4,14,20,30,10,13,3,no,no,10,,,no
4,14,20,30,10,13,3,no,no,11,,And that she has discharged: what thou wouldst do,no
4,14,20,30,10,13,3,no,no,12,,Is done unto thy hand: the last she spake,no
4,14,20,30,10,13,3,no,no,13,30,Was 'Antony ! most noble Antony !',no
4,14,30,40,10,13,3,no,no,1,,Then in the midst a tearing groan did break,no
4,14,30,40,10,13,3,no,no,2,,The name of Antony; it was divided,no
4,14,30,40,10,13,3,no,no,3,,"Between her heart and lips: she render'd life,",no
4,14,30,40,10,13,3,no,no,4,,Thy name so buried in her.,no
4,14,30,40,10,13,3,no,no,5,,,no
4,14,30,40,10,13,3,no,no,6,,,no
4,14,30,40,10,13,3,no,no,7,,,no
4,14,30,40,10,13,3,no,no,8,,And we must sleep.,no
4,14,30,40,10,13,3,no,no,9,,Does pay thy labor richly; go.,no
4,14,30,40,10,13,3,no,no,10,,"Off, pluck off:",no
4,14,30,40,10,13,3,no,no,11,,The seven-fold shield of Ajax cannot keep,no
4,14,30,40,10,13,3,no,no,12,,"The battery from my heart. O, cleave, my sides !",no
4,14,30,40,10,13,3,no,no,13,40,"Heart, once be stronger than thy continent,",no
4,14,40,50,10,10,0,yes,no,,,,
4,14,50,60,10,11,1,no,no,1,,"Where souls do couch on flowers, we'll hand in hand,",no
4,14,50,60,10,11,1,no,no,2,,And with our sprightly port make the ghosts gaze:,no
4,14,50,60,10,11,1,no,no,3,,"Dido and her Æneas shall want troops,",no
4,14,50,60,10,11,1,no,no,4,,"And all the haunt be ours. Come, Eros, Eros!",no
4,14,50,60,10,11,1,no,no,5,,,no
4,14,50,60,10,11,1,no,no,6,,,no
4,14,50,60,10,11,1,no,no,7,,"I have lived in such dishonor, that the gods",no
4,14,50,60,10,11,1,no,no,8,,"Detest my baseness. I, that with my sword",no
4,14,50,60,10,11,1,no,no,9,,"Quarter'd the world, and o'er green Neptune's back",no
4,14,50,60,10,11,1,no,no,10,,"With ships made cities, condemn myself to lack",no
4,14,50,60,10,11,1,no,no,11,60,The courage of a woman; less noble mind,no
4,14,60,80,20,24,4,no,no,1,,Than she which by her death our Cæsar tells,no
4,14,60,80,20,24,4,no,no,2,,"'I am conqueror of myself.' Thou art sworn, Eros,",no
4,14,60,80,20,24,4,no,no,3,,"That, when the exigent should come, which now",no
4,14,60,80,20,24,4,no,no,4,,"Is come indeed, when I should see behind me",no
4,14,60,80,20,24,4,no,no,5,,The inevitable prosecution of,no
4,14,60,80,20,24,4,no,no,6,,"Disgrace and horror,",no
4,14,60,80,20,24,4,no,no,7,,Thou then wouldst kill me:,no
4,14,60,80,20,24,4,no,no,8,,"Thou strikest not me,",no
4,14,60,80,20,24,4,no,no,9,,Put color in thy cheek.,no
4,14,60,80,20,24,4,no,no,10,,,no
4,14,60,80,20,24,4,no,no,11,,"Shall I do that which all the Parthian darts,",no
4,14,60,80,20,24,4,no,no,12,,"Though enemy, lost aim, and could not ?",no
4,14,60,80,20,24,4,no,no,13,,,no
4,14,60,80,20,24,4,no,no,14,,Wouldst thou be window'd in great Rome and see,no
4,14,60,80,20,24,4,no,no,15,,"Thy master thus with pleach'd arms, bending down",no
4,14,60,80,20,24,4,no,no,16,,"His corrigible neck, his face subdued",no
4,14,60,80,20,24,4,no,no,17,,"To penetrative shame, whilst the wheel'd seat",no
4,14,60,80,20,24,4,no,no,18,,"Of fortunate Cæsar, drawn before him, branded",no
4,14,60,80,20,24,4,no,no,19,,His baseness that ensued ?,no
4,14,60,80,20,24,4,no,no,20,,,no
4,14,60,80,20,24,4,no,no,21,,,no
4,14,60,80,20,24,4,no,no,22,,"Draw that thy honest sword, which thou hast worn",no
4,14,60,80,20,24,4,no,no,23,,Most useful for thy country.,no
4,14,60,80,20,24,4,no,no,24,80,,no
4,14,80,90,10,12,2,no,no,1,,,no
4,14,80,90,10,12,2,no,no,2,,To do this when I bade thee ? Do it at once;,no
4,14,80,90,10,12,2,no,no,3,,Or thy precedent services are all,no
4,14,80,90,10,12,2,no,no,4,,"But accidents unpurposed. Draw, and come.",no
4,14,80,90,10,12,2,no,no,5,,,no
4,14,80,90,10,12,2,no,no,6,,Wherein the worship of the whole world lies.,no
4,14,80,90,10,12,2,no,no,7,,,no
4,14,80,90,10,12,2,no,no,8,,,no
4,14,80,90,10,12,2,no,no,9,,,no
4,14,80,90,10,12,2,no,no,10,,The thing why thou hast drawn it.,no
4,14,80,90,10,12,2,no,no,11,,,no
4,14,80,90,10,12,2,no,no,12,90,"My captain, and my emperor, let me say,",no
4,14,90,100,10,12,2,no,no,1,,"Before I strike this bloody stroke, farewell.",no
4,14,90,100,10,12,2,no,no,2,,,no
4,14,90,100,10,12,2,no,no,3,,,no
4,14,90,100,10,12,2,no,no,4,,,no
4,14,90,100,10,12,2,no,no,5,,,no
4,14,90,100,10,12,2,no,no,6,,Of Antony's death.,no
4,14,90,100,10,12,2,no,no,7,,,no
4,14,90,100,10,12,2,no,no,8,,"Thou teachest me, O valiant Eros, what",no
4,14,90,100,10,12,2,no,no,9,,"I should, and thou couldst not. My queen and Eros",no
4,14,90,100,10,12,2,no,no,10,,Have by their brave instruction got upon me,no
4,14,90,100,10,12,2,no,no,11,,A nobleness in record: but I will be,no
4,14,90,100,10,12,2,no,no,12,100,"A bridegroom in my death, and run into't",no
4,14,100,109,9,13,4,no,no,1,,"As to a lover's bed. Come, then; and, Eros,",no
4,14,100,109,9,13,4,no,no,2,,Thy master dies thy scholar: to do thus,no
4,14,100,109,9,13,4,no,no,3,,I learn'd of thee. How ! not dead ? not dead ?,no
4,14,100,109,9,13,4,no,no,4,,"The guard, ho! O, dispatch me!",no
4,14,100,109,9,13,4,no,no,5,,,no
4,14,100,109,9,13,4,no,no,6,,,no
4,14,100,109,9,13,4,no,no,7,,Of what I have begun.,no
4,14,100,109,9,13,4,no,no,8,,,no
4,14,100,109,9,13,4,no,no,9,,,no
4,14,100,109,9,13,4,no,no,10,,,no
4,14,100,109,9,13,4,no,no,11,,,no
4,14,100,109,9,13,4,no,no,12,,,no
4,14,100,109,9,13,4,no,no,13,109,,no
4,14,109,120,11,16,5,no,no,1,,,no
4,14,109,120,11,16,5,no,no,2,,,no
4,14,109,120,11,16,5,no,no,3,,"This sword but shown to Cæsar, with this tidings,",no
4,14,109,120,11,16,5,no,no,4,,Shall enter me with him.,no
4,14,109,120,11,16,5,no,no,5,,,no
4,14,109,120,11,16,5,no,no,6,,,no
4,14,109,120,11,16,5,no,no,7,,,no
4,14,109,120,11,16,5,no,no,8,,"Wilt thou not answer, man ?",no
4,14,109,120,11,16,5,no,no,9,,,no
4,14,109,120,11,16,5,no,no,10,,Sufficing strokes for death.,no
4,14,109,120,11,16,5,no,no,11,,,no
4,14,109,120,11,16,5,no,no,12,,My mistress Cleopatra sent me to thee.,no
4,14,109,120,11,16,5,no,no,13,,,no
4,14,109,120,11,16,5,no,no,14,,,no
4,14,109,120,11,16,5,no,no,15,,,no
4,14,109,120,11,16,5,no,no,16,120,,no
4,14,120,130,10,10,0,yes,no,,,,
4,14,130,140,10,11,1,no,no,1,,,no
4,14,130,140,10,11,1,no,no,2,,'Tis the last service that I shall command you.,no
4,14,130,140,10,11,1,no,no,3,,,no
4,14,130,140,10,11,1,no,no,4,,All your true followers out.,no
4,14,130,140,10,11,1,no,no,5,,,no
4,14,130,140,10,11,1,no,no,6,,,no
4,14,130,140,10,11,1,no,no,7,,To grace it with your sorrows: bid that welcome,no
4,14,130,140,10,11,1,no,no,8,,"Which comes to punish us, and we punish it",no
4,14,130,140,10,11,1,no,no,9,,Seeming to bear it lightly. Take me up:,no
4,14,130,140,10,11,1,no,no,10,,"I have led you oft: carry me now, good friends,",no
4,14,130,140,10,11,1,no,no,11,140,And have my thanks for all.,no
4,15,10,20,10,11,1,no,no,1,,"The varying shore o' the world. O Antony,",no
4,15,10,20,10,11,1,no,no,2,,"Antony, Antony!",no
4,15,10,20,10,11,1,no,no,3,,"Help, friends",no
4,15,10,20,10,11,1,no,no,4,,,no
4,15,10,20,10,11,1,no,no,5,,"Not Cæsar's valor hath o'erthrown Antony,",no
4,15,10,20,10,11,1,no,no,6,,But Antony's hath triumph'd on itself.,no
4,15,10,20,10,11,1,no,no,7,,,no
4,15,10,20,10,11,1,no,no,8,,Should conquer Antony;,no
4,15,10,20,10,11,1,no,no,9,,,no
4,15,10,20,10,11,1,no,no,10,,"I here importune death awhile, until",no
4,15,10,20,10,11,1,no,no,11,20,Of many thousand kisses the poor last,no
4,15,20,31,11,12,1,no,no,1,,I lay upon thy lips.,no
4,15,20,31,11,12,1,no,no,2,,,no
4,15,20,31,11,12,1,no,no,3,,"Dear my lord, pardon,—I dare not,",no
4,15,20,31,11,12,1,no,no,4,,Lest I be taken: not the imperious show,no
4,15,20,31,11,12,1,no,no,5,,Of the full-fortuned Cæsar ever shall,no
4,15,20,31,11,12,1,no,no,6,,"Be brooch'd with me; if knife, drugs, serpents, have",no
4,15,20,31,11,12,1,no,no,7,,"Edge, sting, or operation, I am safe:",no
4,15,20,31,11,12,1,no,no,8,,"Your wife Octavia, with her modest eyes",no
4,15,20,31,11,12,1,no,no,9,,"And still conclusion, shall acquire no honor",no
4,15,20,31,11,12,1,no,no,10,,"Demuring upon me. But come, come, Antony,—",no
4,15,20,31,11,12,1,no,no,11,,"Help me, my women,—we must draw thee up:",no
4,15,20,31,11,12,1,no,no,12,31,"Assist, good friends.",no
4,15,31,40,9,11,2,no,no,1,,,no
4,15,31,40,9,11,2,no,no,2,,,no
4,15,31,40,9,11,2,no,no,3,,"Our strength is all gone into heaviness,",no
4,15,31,40,9,11,2,no,no,4,,"That makes the weight: had I great Juno's power,",no
4,15,31,40,9,11,2,no,no,5,,"The strong-wing'd Mercury should fetch thee up,",no
4,15,31,40,9,11,2,no,no,6,,"And set thee by Jove's side. Yet come a little,—",no
4,15,31,40,9,11,2,no,no,7,,"Wishes were ever fools,—O, come, come, come;",no
4,15,31,40,9,11,2,no,no,8,,"And welcome, welcome! die where thou hast lived;",no
4,15,31,40,9,11,2,no,no,9,,"Quicken with kissing: had my lips that power,",no
4,15,31,40,9,11,2,no,no,10,,Thus would I wear them out.,no
4,15,31,40,9,11,2,no,no,11,40,,no
4,15,40,50,10,12,2,no,no,1,,,no
4,15,40,50,10,12,2,no,no,2,,"Give me some wine, and let me speak a little.",no
4,15,40,50,10,12,2,no,no,3,,,no
4,15,40,50,10,12,2,no,no,4,,"That the false housewife Fortune break her wheel,",no
4,15,40,50,10,12,2,no,no,5,,Provoked by my offence.,no
4,15,40,50,10,12,2,no,no,6,,,no
4,15,40,50,10,12,2,no,no,7,,"Of Cæsar seek your honor, with your safety. O!",no
4,15,40,50,10,12,2,no,no,8,,,no
4,15,40,50,10,12,2,no,no,9,,,no
4,15,40,50,10,12,2,no,no,10,,None about Cæsar trust but Proculeius.,no
4,15,40,50,10,12,2,no,no,11,,,no
4,15,40,50,10,12,2,no,no,12,50,None about Cæsar.,no
4,15,50,60,10,11,1,no,no,1,,,no
4,15,50,60,10,11,1,no,no,2,,Lament nor sorrow at; but please your thoughts,no
4,15,50,60,10,11,1,no,no,3,,In feeding them with those my former fortunes,no
4,15,50,60,10,11,1,no,no,4,,"Wherein I lived, the greatest prince o' the world,",no
4,15,50,60,10,11,1,no,no,5,,The noblest; and do now not basely die,no
4,15,50,60,10,11,1,no,no,6,,Not cowardly put off my helmet to,no
4,15,50,60,10,11,1,no,no,7,,"My countryman,—a Roman by a Roman",no
4,15,50,60,10,11,1,no,no,8,,Valiantly vanquish'd. Now my spirit is going;,no
4,15,50,60,10,11,1,no,no,9,,I can no more.,no
4,15,50,60,10,11,1,no,no,10,,,no
4,15,50,60,10,11,1,no,no,11,60,Hast thou no care of me ? shall I abide,no
4,15,60,70,10,14,4,no,no,1,,"In this dull world, which in thy absence is",no
4,15,60,70,10,14,4,no,no,2,,"No better than a sty ? O, see, my women,",no
4,15,60,70,10,14,4,no,no,3,,The crown o' the earth doth melt. My lord!,no
4,15,60,70,10,14,4,no,no,4,,"O, wither'd is the garland of the war,",no
4,15,60,70,10,14,4,no,no,5,,The soldier's pole is fall'n: young boys and girls,no
4,15,60,70,10,14,4,no,no,6,,"Are level now with men; the odds is gone,",no
4,15,60,70,10,14,4,no,no,7,,And there is nothing left remarkable,no
4,15,60,70,10,14,4,no,no,8,,Beneath the visiting moon.,no
4,15,60,70,10,14,4,no,no,9,,,no
4,15,60,70,10,14,4,no,no,10,,,no
4,15,60,70,10,14,4,no,no,11,,,no
4,15,60,70,10,14,4,no,no,12,,,no
4,15,60,70,10,14,4,no,no,13,,,no
4,15,60,70,10,14,4,no,no,14,70,,no
4,15,70,80,10,10,0,yes,no,,,,
4,15,80,91,11,11,0,yes,no,,,,
5,1,10,20,10,12,2,no,no,1,,"I'll be to Cæsar; if thou pleasest not,",no
5,1,10,20,10,12,2,no,no,2,,I yield thee up my life.,no
5,1,10,20,10,12,2,no,no,3,,,no
5,1,10,20,10,12,2,no,no,4,,,no
5,1,10,20,10,12,2,no,no,5,,,no
5,1,10,20,10,12,2,no,no,6,,A greater crack: the round world,no
5,1,10,20,10,12,2,no,no,7,,"Should have shook lions into civil streets,",no
5,1,10,20,10,12,2,no,no,8,,And citizens to their dens: the death of Antony,no
5,1,10,20,10,12,2,no,no,9,,Is not a single doom; in the name lay,no
5,1,10,20,10,12,2,no,no,10,,A moiety of the world.,no
5,1,10,20,10,12,2,no,no,11,,,no
5,1,10,20,10,12,2,no,no,12,20,"Not by a public minister of justice,",no
5,1,20,30,10,13,3,no,no,1,,"Nor by a hired knife; but that self hand,",no
5,1,20,30,10,13,3,no,no,2,,"Which writ his honor in the acts it did,",no
5,1,20,30,10,13,3,no,no,3,,"Hath, with the courage which the heart did lend it,",no
5,1,20,30,10,13,3,no,no,4,,Splitted the heart. This is his sword;,no
5,1,20,30,10,13,3,no,no,5,,I robb'd his wound of it; behold it stain'd,no
5,1,20,30,10,13,3,no,no,6,,With his most noble blood.,no
5,1,20,30,10,13,3,no,no,7,,,no
5,1,20,30,10,13,3,no,no,8,,"The gods rebuke me, but it is tidings",no
5,1,20,30,10,13,3,no,no,9,,To wash the eyes of kings.,no
5,1,20,30,10,13,3,no,no,10,,,no
5,1,20,30,10,13,3,no,no,11,,That nature must compel us to lament,no
5,1,20,30,10,13,3,no,no,12,,Our most persisted deeds.,no
5,1,20,30,10,13,3,no,no,13,30,,no
5,1,30,40,10,12,2,no,no,1,,Waged equal with him.,no
5,1,30,40,10,12,2,no,no,2,,,no
5,1,30,40,10,12,2,no,no,3,,"Did steer humanity: but you, gods, will give us",no
5,1,30,40,10,12,2,no,no,4,,Some faults to make us men. Cæsar is touch'd.,no
5,1,30,40,10,12,2,no,no,5,,,no
5,1,30,40,10,12,2,no,no,6,,He needs must see himself.,no
5,1,30,40,10,12,2,no,no,7,,,no
5,1,30,40,10,12,2,no,no,8,,I have follow'd thee to this; but we do lance,no
5,1,30,40,10,12,2,no,no,9,,Diseases in our bodies: I must perforce,no
5,1,30,40,10,12,2,no,no,10,,"Have shown to thee such a declining day,",no
5,1,30,40,10,12,2,no,no,11,,Or look on thine; we could not stall together,no
5,1,30,40,10,12,2,no,no,12,40,"In the whole world: but yet let me lament,",no
5,1,40,50,10,10,0,yes,no,,,,
5,1,50,60,10,12,2,no,no,1,,We'll hear him what he says.,no
5,1,50,60,10,12,2,no,no,2,,,no
5,1,50,60,10,12,2,no,no,3,,"Confined in all she has, her monument,",no
5,1,50,60,10,12,2,no,no,4,,"Of thy intents desires instruction,",no
5,1,50,60,10,12,2,no,no,5,,That she preparedly may frame herself,no
5,1,50,60,10,12,2,no,no,6,,To the way she's forced to.,no
5,1,50,60,10,12,2,no,no,7,,,no
5,1,50,60,10,12,2,no,no,8,,"She soon shall know of us, by some of ours,",no
5,1,50,60,10,12,2,no,no,9,,How honorable and how kindly we,no
5,1,50,60,10,12,2,no,no,10,,Determine for her; for Cæsar cannot live,no
5,1,50,60,10,12,2,no,no,11,,To be ungentle.,no
5,1,50,60,10,12,2,no,no,12,60,,no
5,1,60,70,10,12,2,no,no,1,,,no
5,1,60,70,10,12,2,no,no,2,,We purpose her no shame: give her what comforts,no
5,1,60,70,10,12,2,no,no,3,,"The quality of her passion shall require,",no
5,1,60,70,10,12,2,no,no,4,,"Lest, in her greatness, by some mortal stroke",no
5,1,60,70,10,12,2,no,no,5,,She do defeat us; for her life in Rome,no
5,1,60,70,10,12,2,no,no,6,,"Would be eternal in our triumph: go,",no
5,1,60,70,10,12,2,no,no,7,,"And with your speediest bring us what she says,",no
5,1,60,70,10,12,2,no,no,8,,And how you find of her.,no
5,1,60,70,10,12,2,no,no,9,,,no
5,1,60,70,10,12,2,no,no,10,,,no
5,1,60,70,10,12,2,no,no,11,,To second,no
5,1,60,70,10,12,2,no,no,12,70,,no
5,2,10,20,10,12,2,no,no,1,,Thou mean'st to have him grant thee.,no
5,2,10,20,10,12,2,no,no,2,,,no
5,2,10,20,10,12,2,no,no,3,,,no
5,2,10,20,10,12,2,no,no,4,,,no
5,2,10,20,10,12,2,no,no,5,,"Did tell me of you, bade me trust you; but",no
5,2,10,20,10,12,2,no,no,6,,"I do not greatly care to be deceived,",no
5,2,10,20,10,12,2,no,no,7,,That have no use for trusting. If your master,no
5,2,10,20,10,12,2,no,no,8,,"Would have a queen his beggar, you must tell him,",no
5,2,10,20,10,12,2,no,no,9,,"That majesty, to keep decorum, must",no
5,2,10,20,10,12,2,no,no,10,,No less beg than a kingdom: if he please,no
5,2,10,20,10,12,2,no,no,11,,"To give me conquer'd Egypt for my son,",no
5,2,10,20,10,12,2,no,no,12,20,"He gives me so much of mine own, as I",no
5,2,20,30,10,12,2,no,no,1,,Will kneel to him with thanks.,no
5,2,20,30,10,12,2,no,no,2,,,no
5,2,20,30,10,12,2,no,no,3,,"You're fall'n into a princely hand, fear nothing :",no
5,2,20,30,10,12,2,no,no,4,,"Make your full reference freely to my lord,",no
5,2,20,30,10,12,2,no,no,5,,"Who is so full of grace, that it flows over",no
5,2,20,30,10,12,2,no,no,6,,On all that need: let me report to him,no
5,2,20,30,10,12,2,no,no,7,,Your sweet dependency; and you shall find,no
5,2,20,30,10,12,2,no,no,8,,"A conqueror that will pray in aid for kindness,",no
5,2,20,30,10,12,2,no,no,9,,Where he for grace is kneel'd to.,no
5,2,20,30,10,12,2,no,no,10,,,no
5,2,20,30,10,12,2,no,no,11,,"I am his fortune's vassal, and I send him",no
5,2,20,30,10,12,2,no,no,12,30,The greatness he has got. I hourly learn,no
5,2,30,41,11,13,2,no,no,1,,A doctrine of obedience; and would gladly,no
5,2,30,41,11,13,2,no,no,2,,Look him i' the face.,no
5,2,30,41,11,13,2,no,no,3,,,no
5,2,30,41,11,13,2,no,no,4,,"Have comfort, for I know your plight is pitied",no
5,2,30,41,11,13,2,no,no,5,,Of him that caused it.,no
5,2,30,41,11,13,2,no,no,6,,,no
5,2,30,41,11,13,2,no,no,7,,To Proculeius and the Guard,no
5,2,30,41,11,13,2,no,no,8,,,no
5,2,30,41,11,13,2,no,no,9,,,no
5,2,30,41,11,13,2,no,no,10,,,no
5,2,30,41,11,13,2,no,no,11,,,no
5,2,30,41,11,13,2,no,no,12,,"Do not yourself such wrong, who are in this",no
5,2,30,41,11,13,2,no,no,13,41,"Relieved, but not betray'd.",no
5,2,41,50,9,13,4,no,no,1,,,no
5,2,41,50,9,13,4,no,no,2,,That rids our dogs of languish ?,no
5,2,41,50,9,13,4,no,no,3,,,no
5,2,41,50,9,13,4,no,no,4,,Do not abuse my master's bounty by,no
5,2,41,50,9,13,4,no,no,5,,The undoing of yourself: let the world see,no
5,2,41,50,9,13,4,no,no,6,,"His nobleness well acted, which your death",no
5,2,41,50,9,13,4,no,no,7,,Will never let come forth.,no
5,2,41,50,9,13,4,no,no,8,,,no
5,2,41,50,9,13,4,no,no,9,,"Come hither, come! come, come, and take a queen",no
5,2,41,50,9,13,4,no,no,10,,Worthy many babes and beggars!,no
5,2,41,50,9,13,4,no,no,11,,,no
5,2,41,50,9,13,4,no,no,12,,,no
5,2,41,50,9,13,4,no,no,13,50,"If idle talk will once be necessary,",no
5,2,50,60,10,10,0,yes,no,,,,
5,2,60,70,10,14,4,no,no,1,,"My country's high pyramides my gibbet,",no
5,2,60,70,10,14,4,no,no,2,,And hang me up in chains!,no
5,2,60,70,10,14,4,no,no,3,,,no
5,2,60,70,10,14,4,no,no,4,,These thoughts of horror further than you shall,no
5,2,60,70,10,14,4,no,no,5,,Find cause in Cæsar.,no
5,2,60,70,10,14,4,no,no,6,,,no
5,2,60,70,10,14,4,no,no,7,,"What thou hast done thy master Cæsar knows,",no
5,2,60,70,10,14,4,no,no,8,,"And he hath sent for thee: for the queen,",no
5,2,60,70,10,14,4,no,no,9,,I'll take her to my guard.,no
5,2,60,70,10,14,4,no,no,10,,,no
5,2,60,70,10,14,4,no,no,11,,It shall content me best: be gentle to her.,no
5,2,60,70,10,14,4,no,no,12,,"To Cæsar I will speak what you shall please,",no
5,2,60,70,10,14,4,no,no,13,,If you'll employ me to him.,no
5,2,60,70,10,14,4,no,no,14,70,,no
5,2,70,80,10,13,3,no,no,1,,,no
5,2,70,80,10,13,3,no,no,2,,,no
5,2,70,80,10,13,3,no,no,3,,,no
5,2,70,80,10,13,3,no,no,4,,,no
5,2,70,80,10,13,3,no,no,5,,You laugh when boys or women tell their dreams;,no
5,2,70,80,10,13,3,no,no,6,,Is't not your trick ?,no
5,2,70,80,10,13,3,no,no,7,,,no
5,2,70,80,10,13,3,no,no,8,,,no
5,2,70,80,10,13,3,no,no,9,,"O, such another sleep, that I might see",no
5,2,70,80,10,13,3,no,no,10,,But such another man!,no
5,2,70,80,10,13,3,no,no,11,,,no
5,2,70,80,10,13,3,no,no,12,,,no
5,2,70,80,10,13,3,no,no,13,80,"A sun and moon, which kept their course, and lighted",no
5,2,80,90,10,11,1,no,no,1,,"The little O, the earth.",no
5,2,80,90,10,11,1,no,no,2,,,no
5,2,80,90,10,11,1,no,no,3,,,no
5,2,80,90,10,11,1,no,no,4,,Crested the world: his voice was propertied,no
5,2,80,90,10,11,1,no,no,5,,"As all the tuned spheres, and that to friends;",no
5,2,80,90,10,11,1,no,no,6,,"But when he meant to quail and shake the orb,",no
5,2,80,90,10,11,1,no,no,7,,"He was as rattling thunder. For his bounty,",no
5,2,80,90,10,11,1,no,no,8,,There was no winter in't; an autumn 'twas,no
5,2,80,90,10,11,1,no,no,9,,That grew the more by reaping: his delights,no
5,2,80,90,10,11,1,no,no,10,,Were dolphin-like; they show'd his back above,no
5,2,80,90,10,11,1,no,no,11,90,The element they lived in: in his livery,no
5,2,90,100,10,13,3,no,no,1,,Walk'd crowns and crownets; realms and islands were,no
5,2,90,100,10,13,3,no,no,2,,As plates dropp'd from his pocket.,no
5,2,90,100,10,13,3,no,no,3,,,no
5,2,90,100,10,13,3,no,no,4,,,no
5,2,90,100,10,13,3,no,no,5,,As this I dream'd of ?,no
5,2,90,100,10,13,3,no,no,6,,,no
5,2,90,100,10,13,3,no,no,7,,,no
5,2,90,100,10,13,3,no,no,8,,"But, if there be, or ever were, one such,",no
5,2,90,100,10,13,3,no,no,9,,It's past the size of dreaming: nature wants stuff,no
5,2,90,100,10,13,3,no,no,10,,"To vie strange forms with fancy; yet, to imagine",no
5,2,90,100,10,13,3,no,no,11,,"An Antony, were nature's piece 'gainst fancy,",no
5,2,90,100,10,13,3,no,no,12,,Condemning shadows quite.,no
5,2,90,100,10,13,3,no,no,13,100,,no
5,2,100,110,10,12,2,no,no,1,,"Your loss is as yourself, great; and you bear it",no
5,2,100,110,10,12,2,no,no,2,,As answering to the weight: would I might never,no
5,2,100,110,10,12,2,no,no,3,,"O'ertake pursued success, but I do feel,",no
5,2,100,110,10,12,2,no,no,4,,"By the rebound of yours, a grief that smites",no
5,2,100,110,10,12,2,no,no,5,,My very heart at root.,no
5,2,100,110,10,12,2,no,no,6,,,no
5,2,100,110,10,12,2,no,no,7,,Know you what Cæsar means to do with me ?,no
5,2,100,110,10,12,2,no,no,8,,,no
5,2,100,110,10,12,2,no,no,9,,,no
5,2,100,110,10,12,2,no,no,10,,,no
5,2,100,110,10,12,2,no,no,11,,,no
5,2,100,110,10,12,2,no,no,12,110,,no
5,2,110,120,10,12,2,no,no,1,,,no
5,2,110,120,10,12,2,no,no,2,,,no
5,2,110,120,10,12,2,no,no,3,,,no
5,2,110,120,10,12,2,no,no,4,,"I pray you, rise; rise, Egypt.",no
5,2,110,120,10,12,2,no,no,5,,,no
5,2,110,120,10,12,2,no,no,6,,Will have it thus; my master and my lord,no
5,2,110,120,10,12,2,no,no,7,,I must obey.,no
5,2,110,120,10,12,2,no,no,8,,,no
5,2,110,120,10,12,2,no,no,9,,"The record of what injuries you did us,",no
5,2,110,120,10,12,2,no,no,10,,"Though written in our flesh, we shall remember",no
5,2,110,120,10,12,2,no,no,11,,As things but done by chance.,no
5,2,110,120,10,12,2,no,no,12,120,,no
5,2,120,129,9,10,1,no,no,1,,I cannot project mine own cause so well,no
5,2,120,129,9,10,1,no,no,2,,To make it clear; but do confess I have,no
5,2,120,129,9,10,1,no,no,3,,Been laden with like frailties which before,no
5,2,120,129,9,10,1,no,no,4,,Have often shamed our sex.,no
5,2,120,129,9,10,1,no,no,5,,,no
5,2,120,129,9,10,1,no,no,6,,We will extenuate rather than enforce:,no
5,2,120,129,9,10,1,no,no,7,,"If you apply yourself to our intents,",no
5,2,120,129,9,10,1,no,no,8,,"Which towards you are most gentle, you shall find",no
5,2,120,129,9,10,1,no,no,9,,A benefit in this change; but if you seek,no
5,2,120,129,9,10,1,no,no,10,129,"To lay on me a cruelty, by taking",no
5,2,129,141,12,12,0,yes,no,,,,
5,2,141,150,9,11,2,no,no,1,,,no
5,2,141,150,9,11,2,no,no,2,,"Upon his peril, that I have reserved",no
5,2,141,150,9,11,2,no,no,3,,"To myself nothing. Speak the truth, Seleucus.",no
5,2,141,150,9,11,2,no,no,4,,,no
5,2,141,150,9,11,2,no,no,5,,"I had rather seal my lips,",no
5,2,141,150,9,11,2,no,no,6,,Speak that which is not.,no
5,2,141,150,9,11,2,no,no,7,,,no
5,2,141,150,9,11,2,no,no,8,,,no
5,2,141,150,9,11,2,no,no,9,,,no
5,2,141,150,9,11,2,no,no,10,,Your wisdom in the deed.,no
5,2,141,150,9,11,2,no,no,11,150,,no
5,2,150,160,10,11,1,no,no,1,,How pomp is follow'd! mine will now be yours;,no
5,2,150,160,10,11,1,no,no,2,,"And, should we shift estates, yours would be mine.",no
5,2,150,160,10,11,1,no,no,3,,The ingratitude of this Seleucus does,no
5,2,150,160,10,11,1,no,no,4,,"Even make me wild: O slave, of no more trust",no
5,2,150,160,10,11,1,no,no,5,,"Than love that's hired! What, goest thou back ? thou shalt",no
5,2,150,160,10,11,1,no,no,6,,"Go back, I warrant thee; but I'll catch thine eyes,",no
5,2,150,160,10,11,1,no,no,7,,"Though they had wings: slave, soulless villain, dog!",no
5,2,150,160,10,11,1,no,no,8,,O rarely base!,no
5,2,150,160,10,11,1,no,no,9,,,no
5,2,150,160,10,11,1,no,no,10,,,no
5,2,150,160,10,11,1,no,no,11,160,"That thou, vouchsafing here to visit me,",no
5,2,160,170,10,10,0,yes,no,,,,
5,2,170,180,10,12,2,no,no,1,,With one that I have bred ? The gods! it smites me,no
5,2,170,180,10,12,2,no,no,2,,Beneath the fall I have.,no
5,2,170,180,10,12,2,no,no,3,,Or I shall show the cinders of my spirits,no
5,2,170,180,10,12,2,no,no,4,,"Through the ashes of my chance: wert thou a man,",no
5,2,170,180,10,12,2,no,no,5,,Thou wouldst have mercy on me.,no
5,2,170,180,10,12,2,no,no,6,,,no
5,2,170,180,10,12,2,no,no,7,,,no
5,2,170,180,10,12,2,no,no,8,,"For things that others do; and, when we fall,",no
5,2,170,180,10,12,2,no,no,9,,"We answer others' merits in our name,",no
5,2,170,180,10,12,2,no,no,10,,Are therefore to be pitied.,no
5,2,170,180,10,12,2,no,no,11,,,no
5,2,170,180,10,12,2,no,no,12,180,"Not what you have reserved, nor what acknowledged,",no
5,2,180,190,10,11,1,no,no,1,,"Put we i' the roll of conquest: still be 't yours,",no
5,2,180,190,10,11,1,no,no,2,,"Bestow it at your pleasure; and believe,",no
5,2,180,190,10,11,1,no,no,3,,"Cæsar's no merchant, to make prize with you",no
5,2,180,190,10,11,1,no,no,4,,Of things that merchants sold. Therefore be cheer'd;,no
5,2,180,190,10,11,1,no,no,5,,"Make not your thoughts your prisons: no, dear queen;",no
5,2,180,190,10,11,1,no,no,6,,For we intend so to dispose you as,no
5,2,180,190,10,11,1,no,no,7,,"Yourself shall give us counsel. Feed, and sleep:",no
5,2,180,190,10,11,1,no,no,8,,"Our care and pity is so much upon you,",no
5,2,180,190,10,11,1,no,no,9,,"That we remain your friend; and so, adieu.",no
5,2,180,190,10,11,1,no,no,10,,,no
5,2,180,190,10,11,1,no,no,11,190,,no
5,2,190,200,10,14,4,no,no,1,,,no
5,2,190,200,10,14,4,no,no,2,,"Be noble to myself: but, hark thee, Charmian.",no
5,2,190,200,10,14,4,no,no,3,,,no
5,2,190,200,10,14,4,no,no,4,,And we are for the dark.,no
5,2,190,200,10,14,4,no,no,5,,,no
5,2,190,200,10,14,4,no,no,6,,"I have spoke already, and it is provided;",no
5,2,190,200,10,14,4,no,no,7,,Go put it to the haste.,no
5,2,190,200,10,14,4,no,no,8,,,no
5,2,190,200,10,14,4,no,no,9,,,no
5,2,190,200,10,14,4,no,no,10,,,no
5,2,190,200,10,14,4,no,no,11,,,no
5,2,190,200,10,14,4,no,no,12,,,no
5,2,190,200,10,14,4,no,no,13,,"Which my love makes religion to obey,",no
5,2,190,200,10,14,4,no,no,14,200,I tell you this: Cæsar through Syria,no
5,2,200,220,20,25,5,no,no,1,,Intends his journey; and within three days,no
5,2,200,220,20,25,5,no,no,2,,You with your children will he send before:,no
5,2,200,220,20,25,5,no,no,3,,Make your best use of this: I have perform'd,no
5,2,200,220,20,25,5,no,no,4,,Your pleasure and my promise.,no
5,2,200,220,20,25,5,no,no,5,,,no
5,2,200,220,20,25,5,no,no,6,,I shall remain your debtor.,no
5,2,200,220,20,25,5,no,no,7,,,no
5,2,200,220,20,25,5,no,no,8,,"Adieu, good queen; I must attend on Cæsar.",no
5,2,200,220,20,25,5,no,no,9,,,no
5,2,200,220,20,25,5,no,no,10,,"Now, Iras, what think'st thou ?",no
5,2,200,220,20,25,5,no,no,11,,"Thou, an Egyptian puppet, shalt be shown",no
5,2,200,220,20,25,5,no,no,12,,"In Rome, as well as I: mechanic slaves",no
5,2,200,220,20,25,5,no,no,13,,"With greasy aprons, rules, and hammers, shall",no
5,2,200,220,20,25,5,no,no,14,,"Uplift us to the view; in their thick breaths,",no
5,2,200,220,20,25,5,no,no,15,,"Rank of gross diet, shall we be enclouded,",no
5,2,200,220,20,25,5,no,no,16,,And forced to drink their vapor.,no
5,2,200,220,20,25,5,no,no,17,,,no
5,2,200,220,20,25,5,no,no,18,,,no
5,2,200,220,20,25,5,no,no,19,,"Will catch at us, like strumpets; and scald rhymers",no
5,2,200,220,20,25,5,no,no,20,,Ballad us out o' tune: the quick comedians,no
5,2,200,220,20,25,5,no,no,21,,"Extemporally will stage us, and present",no
5,2,200,220,20,25,5,no,no,22,,Our Alexandrian revels; Antony,no
5,2,200,220,20,25,5,no,no,23,,"Shall be brought drunken forth, and I shall see",no
5,2,200,220,20,25,5,no,no,24,,Some squeaking Cleopatra boy my greatness,no
5,2,200,220,20,25,5,no,no,25,220,I' the posture of a whore.,no
5,2,220,231,11,13,2,no,no,1,,,no
5,2,220,231,11,13,2,no,no,2,,,no
5,2,220,231,11,13,2,no,no,3,,,no
5,2,220,231,11,13,2,no,no,4,,Are stronger than mine eyes.,no
5,2,220,231,11,13,2,no,no,5,,,no
5,2,220,231,11,13,2,no,no,6,,"To fool their preparation,",no
5,2,220,231,11,13,2,no,no,7,,Their most absurd intents.,no
5,2,220,231,11,13,2,no,no,8,,"Now, Charmian!",no
5,2,220,231,11,13,2,no,no,9,,"Show me, my women, like a queen: go fetch",no
5,2,220,231,11,13,2,no,no,10,,"My best attires: I am again for Cydnus,",no
5,2,220,231,11,13,2,no,no,11,,"To meet Mark Antony: sirrah Iras, go.",no
5,2,220,231,11,13,2,no,no,12,,"Now, noble Charmian, we'll dispatch indeed;",no
5,2,220,231,11,13,2,no,no,13,231,"And, when thou hast done this chare, I'll give thee leave",no
5,2,231,241,10,12,2,no,no,1,,To play till doomsday. Bring our crown and all.,no
5,2,231,241,10,12,2,no,no,2,,Wherefore's this noise ?,no
5,2,231,241,10,12,2,no,no,3,,,no
5,2,231,241,10,12,2,no,no,4,,That will not be denied your highness' presence:,no
5,2,231,241,10,12,2,no,no,5,,He brings you figs.,no
5,2,231,241,10,12,2,no,no,6,,,no
5,2,231,241,10,12,2,no,no,7,,What poor an instrument,no
5,2,231,241,10,12,2,no,no,8,,May do a noble deed! he brings me liberty.,no
5,2,231,241,10,12,2,no,no,9,,"My resolution's placed, and I have nothing",no
5,2,231,241,10,12,2,no,no,10,,Of woman in me: now from head to foot,no
5,2,231,241,10,12,2,no,no,11,,I am marble-constant; now the fleeting moon,no
5,2,231,241,10,12,2,no,no,12,241,No planet is of mine.,no
5,2,241,249,8,9,1,no,no,1,,,no
5,2,241,249,8,9,1,no,no,2,,,no
5,2,241,249,8,9,1,no,no,3,,"Hast thou the pretty worm of Nilus there,",no
5,2,241,249,8,9,1,no,no,4,,That kills and pains not ?,no
5,2,241,249,8,9,1,no,no,5,,,no
5,2,241,249,8,9,1,no,no,6,,be the party,no
5,2,241,249,8,9,1,no,no,7,,"him, for his biting is",no
5,2,241,249,8,9,1,no,no,8,,die of it do seldom or never,no
5,2,241,249,8,9,1,no,no,9,249,,no
5,2,249,260,11,11,0,yes,no,,,,
5,2,260,271,11,11,0,yes,no,,,,
5,2,271,280,9,9,0,yes,no,,,,
5,2,280,301,21,21,0,yes,no,,,,
5,2,301,320,19,24,5,no,no,1,,,no
5,2,301,320,19,24,5,no,no,2,,"I may say,",no
5,2,301,320,19,24,5,no,no,3,,The gods themselves do weep!,no
5,2,301,320,19,24,5,no,no,4,,,no
5,2,301,320,19,24,5,no,no,5,,"If she first meet the curled Antony,",no
5,2,301,320,19,24,5,no,no,6,,"He'll make demand of her, and spend that kiss",no
5,2,301,320,19,24,5,no,no,7,,"Which is my heaven to have. Come, thou mortal wretch,",no
5,2,301,320,19,24,5,no,no,8,,With thy sharp teeth this knot intrinsicate,no
5,2,301,320,19,24,5,no,no,9,,"Of life at once untie: poor venomous fool,",no
5,2,301,320,19,24,5,no,no,10,,"Be angry, and dispatch. O, couldst thou speak,",no
5,2,301,320,19,24,5,no,no,11,,That I might hear thee call great Cæsar ass,no
5,2,301,320,19,24,5,no,no,12,,Unpolicied!,no
5,2,301,320,19,24,5,no,no,13,,,no
5,2,301,320,19,24,5,no,no,14,,,no
5,2,301,320,19,24,5,no,no,15,,"Dost thou not see my baby at my breast,",no
5,2,301,320,19,24,5,no,no,16,,That sucks the nurse asleep ?,no
5,2,301,320,19,24,5,no,no,17,,,no
5,2,301,320,19,24,5,no,no,18,,,no
5,2,301,320,19,24,5,no,no,19,,"O Antony !—Nay, I will take thee too.",no
5,2,301,320,19,24,5,no,no,20,,What should I stay—,no
5,2,301,320,19,24,5,no,no,21,,,no
5,2,301,320,19,24,5,no,no,22,,"Now boast thee, death, in thy possession lies",no
5,2,301,320,19,24,5,no,no,23,,"A lass unparalleled. Downy windows, close;",no
5,2,301,320,19,24,5,no,no,24,320,And golden Phoebus never be beheld,no
5,2,320,330,10,12,2,no,no,1,,Of eyes again so royal! Your crown's awry;,no
5,2,320,330,10,12,2,no,no,2,,"I'll mend it, and then play.",no
5,2,320,330,10,12,2,no,no,3,,,no
5,2,320,330,10,12,2,no,no,4,,,no
5,2,320,330,10,12,2,no,no,5,,,no
5,2,320,330,10,12,2,no,no,6,,,no
5,2,320,330,10,12,2,no,no,7,,"O, come apace, dispatch ! I partly feel thee.",no
5,2,320,330,10,12,2,no,no,8,,,no
5,2,320,330,10,12,2,no,no,9,,,no
5,2,320,330,10,12,2,no,no,10,,,no
5,2,320,330,10,12,2,no,no,11,,,no
5,2,320,330,10,12,2,no,no,12,330,Descended of so many royal kings.,no
5,2,330,340,10,12,2,no,no,1,,"Ah, soldier !",no
5,2,330,340,10,12,2,no,no,2,,,no
5,2,330,340,10,12,2,no,no,3,,,no
5,2,330,340,10,12,2,no,no,4,,,no
5,2,330,340,10,12,2,no,no,5,,Touch their effects in this: thyself art coming,no
5,2,330,340,10,12,2,no,no,6,,To see perform'd the dreaded act which thou,no
5,2,330,340,10,12,2,no,no,7,,So sought'st to hinder.,no
5,2,330,340,10,12,2,no,no,8,,,no
5,2,330,340,10,12,2,no,no,9,,That you did fear is done.,no
5,2,330,340,10,12,2,no,no,10,,,no
5,2,330,340,10,12,2,no,no,11,,"She levell'd at our purposes, and, being royal,",no
5,2,330,340,10,12,2,no,no,12,340,Took her own way. The manner of their deaths ?,no
5,2,340,350,10,14,4,no,no,1,,I do not see them bleed.,no
5,2,340,350,10,14,4,no,no,2,,,no
5,2,340,350,10,14,4,no,no,3,,,no
5,2,340,350,10,14,4,no,no,4,,This was his basket.,no
5,2,340,350,10,14,4,no,no,5,,,no
5,2,340,350,10,14,4,no,no,6,,,no
5,2,340,350,10,14,4,no,no,7,,This Charmian lived but now; she stood and spake:,no
5,2,340,350,10,14,4,no,no,8,,I found her trimming up the diadem,no
5,2,340,350,10,14,4,no,no,9,,On her dead mistress; tremblingly she stood,no
5,2,340,350,10,14,4,no,no,10,,And on the sudden dropp'd.,no
5,2,340,350,10,14,4,no,no,11,,,no
5,2,340,350,10,14,4,no,no,12,,"If they had swallow'd poison, 'twould appear",no
5,2,340,350,10,14,4,no,no,13,,"By external swelling: but she looks like sleep,",no
5,2,340,350,10,14,4,no,no,14,350,As she would catch another Antony,no
5,2,350,361,11,13,2,no,no,1,,In her strong toil of grace.,no
5,2,350,361,11,13,2,no,no,2,,,no
5,2,350,361,11,13,2,no,no,3,,There is a vent of blood and something blown:,no
5,2,350,361,11,13,2,no,no,4,,The like is on her arm.,no
5,2,350,361,11,13,2,no,no,5,,,no
5,2,350,361,11,13,2,no,no,6,,"Have slime upon them, such as the aspic leaves",no
5,2,350,361,11,13,2,no,no,7,,Upon the caves of Nile.,no
5,2,350,361,11,13,2,no,no,8,,,no
5,2,350,361,11,13,2,no,no,9,,That so she died; for her physician tells me,no
5,2,350,361,11,13,2,no,no,10,,She hath pursued conclusions infinite,no
5,2,350,361,11,13,2,no,no,11,,Of easy ways to die. Take up her bed;,no
5,2,350,361,11,13,2,no,no,12,,And bear her women from the monument:,no
5,2,350,361,11,13,2,no,no,13,361,She shall be buried by her Antony:,no
